Date/Time (Eastern),Top-of-the-Hour Air Temperature (C),Total Precipitation (mm),Average Solar Radiation (W/m2)

2020-05-17 00:00:00,19.1,0,0
2020-05-17 01:00:00,18.4,0,0
2020-05-17 02:00:00,17.4,0,0
2020-05-17 03:00:00,16.7,0,0
2020-05-17 04:00:00,16.2,0,0
2020-05-17 05:00:00,16.1,0,0
2020-05-17 06:00:00,16.8,0,0
2020-05-17 07:00:00,19,0,23.97
2020-05-17 08:00:00,20.2,0,284.2
2020-05-17 09:00:00,22.6,0,270.5
2020-05-17 10:00:00,24.7,0,797.8
2020-05-17 11:00:00,25.3,0,996
2020-05-17 12:00:00,26.1,0,1270
2020-05-17 13:00:00,27.2,0,311.6
2020-05-17 14:00:00,27.5,0,667.7
2020-05-17 15:00:00,27.1,0,256.8
2020-05-17 16:00:00,28.4,0,250
2020-05-17 17:00:00,27.7,0,708.8
2020-05-17 18:00:00,26.4,0,407.5
2020-05-17 19:00:00,25.4,0,78.75
2020-05-17 20:00:00,24.3,0,0
2020-05-17 21:00:00,23.1,0,0
2020-05-17 22:00:00,22.6,0,0
2020-05-17 23:00:00,21.4,0,0
2020-05-18 00:00:00,20.5,0,0
2020-05-18 01:00:00,19.4,0,0
2020-05-18 02:00:00,18.8,0,0
2020-05-18 03:00:00,18.2,0,0
2020-05-18 04:00:00,18,0,0
2020-05-18 05:00:00,17.8,0,0
2020-05-18 06:00:00,18.1,0,0
2020-05-18 07:00:00,18.7,0,51.36
2020-05-18 08:00:00,19.1,0,106.1
2020-05-18 09:00:00,18.9,0,160.9
2020-05-18 10:00:00,19.6,0,106.1
2020-05-18 11:00:00,22.4,0,325.3
2020-05-18 12:00:00,23.7,0,1133
2020-05-18 13:00:00,22.7,0,585.5
2020-05-18 14:00:00,23.7,0,243.1
2020-05-18 15:00:00,23.3,0,1092
2020-05-18 16:00:00,23.2,0,297.9
2020-05-18 17:00:00,22.9,0,243.1
2020-05-18 18:00:00,21.7,0,188.3
2020-05-18 19:00:00,20.1,0,78.75
2020-05-18 20:00:00,19.4,0,0
2020-05-18 21:00:00,19,0,0
2020-05-18 22:00:00,18.7,0.25,0
2020-05-18 23:00:00,18.7,1.02,0
2020-05-19 00:00:00,18.6,0,0
2020-05-19 01:00:00,18.4,0,0
2020-05-19 02:00:00,18.1,2.79,0
2020-05-19 03:00:00,18,0,0
2020-05-19 04:00:00,17.7,1.78,0
2020-05-19 05:00:00,17.8,4.32,0
2020-05-19 06:00:00,17.6,17.27,0
2020-05-19 07:00:00,17.6,0.51,0
2020-05-19 08:00:00,17.8,0.25,65.06
2020-05-19 09:00:00,17.8,0,188.3
2020-05-19 10:00:00,17.9,0,78.75
2020-05-19 11:00:00,17.1,0,119.8
2020-05-19 12:00:00,16.9,5.08,78.75
2020-05-19 13:00:00,16.5,1.52,92.4
2020-05-19 14:00:00,16.1,0,133.5
2020-05-19 15:00:00,15.8,0.25,78.75
2020-05-19 16:00:00,15.7,0.76,78.75
2020-05-19 17:00:00,15.4,0,65.06
2020-05-19 18:00:00,15.1,0,37.66
2020-05-19 19:00:00,14.8,0,23.97
2020-05-19 20:00:00,14.2,0.25,0
2020-05-19 21:00:00,13.4,0.51,0
2020-05-19 22:00:00,13.3,0,0
2020-05-19 23:00:00,12.9,0.25,0
2020-05-20 00:00:00,12.6,1.02,0
2020-05-20 01:00:00,12.2,1.02,0
2020-05-20 02:00:00,12.2,0.25,0
2020-05-20 03:00:00,12.2,1.27,0
2020-05-20 04:00:00,12.1,8.38,0
2020-05-20 05:00:00,12,3.3,0
2020-05-20 06:00:00,12,0,0
2020-05-20 07:00:00,12.3,0,37.66
2020-05-20 08:00:00,12.5,0,65.06
2020-05-20 09:00:00,12.8,0,65.06
2020-05-20 10:00:00,13.2,0,106.1
2020-05-20 11:00:00,13.4,0,243.1
2020-05-20 12:00:00,13.7,0,215.7
2020-05-20 13:00:00,14,0,174.6
2020-05-20 14:00:00,14.2,0,133.5
2020-05-20 15:00:00,14.7,0,119.8
2020-05-20 16:00:00,14.7,0,71.9
2020-05-20 17:00:00,14.9,1.02,37.66
2020-05-20 18:00:00,15.3,1.78,51.36
2020-05-20 19:00:00,15.6,2.54,23.97
2020-05-20 20:00:00,15.8,1.52,0
2020-05-20 21:00:00,15.8,0.76,0
2020-05-20 22:00:00,15.6,0,0
2020-05-20 23:00:00,15.1,0,0
2020-05-21 00:00:00,14.9,1.02,0
2020-05-21 01:00:00,15.1,1.27,0
2020-05-21 02:00:00,15.1,0.25,0
2020-05-21 03:00:00,15.9,1.27,0
2020-05-21 04:00:00,16.7,2.29,0
2020-05-21 05:00:00,17,1.02,0
2020-05-21 06:00:00,17,0.25,0
2020-05-21 07:00:00,17.4,2.29,0
2020-05-21 08:00:00,18.2,0.25,37.66
2020-05-21 09:00:00,19,1.78,71.9
2020-05-21 10:00:00,20.1,0.76,270.5
2020-05-21 11:00:00,20.1,0,366.3
2020-05-21 12:00:00,20.2,0,160.9
2020-05-21 13:00:00,20.1,0,160.9
2020-05-21 14:00:00,20.9,0,58.2
2020-05-21 15:00:00,20.3,0,78.74
2020-05-21 16:00:00,20.8,0.25,65.05
2020-05-21 17:00:00,20.7,0.25,147.2
2020-05-21 18:00:00,20.5,0,85.6
2020-05-21 19:00:00,20.7,0,37.66
2020-05-21 20:00:00,20.6,0,0
2020-05-21 21:00:00,20.4,0,0
2020-05-21 22:00:00,19.7,0,0
2020-05-21 23:00:00,18.6,0,0
2020-05-22 00:00:00,18,0,0
2020-05-22 01:00:00,16.9,0,0
2020-05-22 02:00:00,16.1,0,0
2020-05-22 03:00:00,15.6,0,0
2020-05-22 04:00:00,15.3,0,0
2020-05-22 05:00:00,14.9,0,0
2020-05-22 06:00:00,14.9,0,0
2020-05-22 07:00:00,15,0,51.36
2020-05-22 08:00:00,15.8,0,160.9
2020-05-22 09:00:00,18.9,0,284.2
2020-05-22 10:00:00,21.5,0,708.7
2020-05-22 11:00:00,23.9,0,859
2020-05-22 12:00:00,25.2,0,983
2020-05-22 13:00:00,26.4,0,921
2020-05-22 14:00:00,26.9,0,1037
2020-05-22 15:00:00,27.1,0,846
2020-05-22 16:00:00,27.8,0,790.9
2020-05-22 17:00:00,17.3,0,558.1
2020-05-22 18:00:00,17.3,14.99,0
2020-05-22 19:00:00,17.2,4.32,0
2020-05-22 20:00:00,16.9,0.51,23.97
2020-05-22 21:00:00,17,0,0
2020-05-22 22:00:00,17,0,0
2020-05-22 23:00:00,16.9,0,0
2020-05-23 00:00:00,16.9,0,0
2020-05-23 01:00:00,17.7,0,0
2020-05-23 02:00:00,18.1,1.02,0
2020-05-23 03:00:00,17.7,0.25,0
2020-05-23 04:00:00,17.6,0,0
2020-05-23 05:00:00,17.7,0,0
2020-05-23 06:00:00,17.7,0,0
2020-05-23 07:00:00,18.2,0,37.66
2020-05-23 08:00:00,18.7,0,106.1
2020-05-23 09:00:00,19.5,0,188.3
2020-05-23 10:00:00,20.5,0,243.1
2020-05-23 11:00:00,22.5,0,448.5
2020-05-23 12:00:00,24.2,0,393.7
2020-05-23 13:00:00,25.8,0,1058
2020-05-23 14:00:00,27.2,0,1106
2020-05-23 15:00:00,28.1,0,914
2020-05-23 16:00:00,28.2,0,777.2
2020-05-23 17:00:00,28.6,0,147.2
2020-05-23 18:00:00,28.8,0,380.1
2020-05-23 19:00:00,28,0,174.6
2020-05-23 20:00:00,23.8,0,37.66
2020-05-23 21:00:00,22.5,0,0
2020-05-23 22:00:00,22.2,0,0
2020-05-23 23:00:00,21.9,0,0
2020-05-24 00:00:00,21.4,0,0
2020-05-24 01:00:00,21.4,0,0
2020-05-24 02:00:00,20.7,0,0
2020-05-24 03:00:00,19.8,0,0
2020-05-24 04:00:00,19.5,0,0
2020-05-24 05:00:00,18.9,0,0
2020-05-24 06:00:00,20,0,0
2020-05-24 07:00:00,22.6,0,92.4
2020-05-24 08:00:00,24.9,0,284.2
2020-05-24 09:00:00,26.4,0,503.3
2020-05-24 10:00:00,27.7,0,599.2
2020-05-24 11:00:00,29.2,0,846
2020-05-24 12:00:00,29.4,0,935
2020-05-24 13:00:00,30.7,0,1024
2020-05-24 14:00:00,31.7,0,901
2020-05-24 15:00:00,28.4,0,1003
2020-05-24 16:00:00,28.5,0,229.4
2020-05-24 17:00:00,28.2,0,414.3
2020-05-24 18:00:00,26.4,0,106.1
2020-05-24 19:00:00,21.2,0,0
2020-05-24 20:00:00,21,0.76,0
2020-05-24 21:00:00,20.4,0.76,0
2020-05-24 22:00:00,20.4,0.51,0
2020-05-24 23:00:00,20,0,0
2020-05-25 00:00:00,19.6,0,0
2020-05-25 01:00:00,19.5,0,0
2020-05-25 02:00:00,19.5,0,0
2020-05-25 03:00:00,19.3,0,0
2020-05-25 04:00:00,19.1,0,0
2020-05-25 05:00:00,19,0,0
2020-05-25 06:00:00,19.1,0,0
2020-05-25 07:00:00,19.2,0,0
2020-05-25 08:00:00,18.7,0,65.06
2020-05-25 09:00:00,18.7,0,51.36
2020-05-25 10:00:00,18.6,0,92.4
2020-05-25 11:00:00,19.4,0,181.5
2020-05-25 12:00:00,20.6,0,174.6
2020-05-25 13:00:00,22.2,0,380.1
2020-05-25 14:00:00,22.8,0,551.3
2020-05-25 15:00:00,22.8,0,380.1
2020-05-25 16:00:00,23.8,0,311.6
2020-05-25 17:00:00,23.7,0,434.8
2020-05-25 18:00:00,22.7,0,208.9
2020-05-25 19:00:00,22.1,0,147.2
2020-05-25 20:00:00,21.2,0,23.97
2020-05-25 21:00:00,20.3,0,0
2020-05-25 22:00:00,19.7,0,0
2020-05-25 23:00:00,19.9,0,0
2020-05-26 00:00:00,20.1,0,0
2020-05-26 01:00:00,20,0,0
2020-05-26 02:00:00,20,0,0
2020-05-26 03:00:00,19.7,0,0
2020-05-26 04:00:00,19.2,0,0
2020-05-26 05:00:00,19.2,0,0
2020-05-26 06:00:00,19,0,0
2020-05-26 07:00:00,19.6,0,23.97
2020-05-26 08:00:00,20.9,0,133.5
2020-05-26 09:00:00,21.7,0,263.6
2020-05-26 10:00:00,22.6,0,489.6
2020-05-26 11:00:00,23,0,469.1
2020-05-26 12:00:00,22.6,0,339
2020-05-26 13:00:00,23.8,0,311.6
2020-05-26 14:00:00,23,0,448.5
2020-05-26 15:00:00,22.3,0,256.8
2020-05-26 16:00:00,22.3,0,133.5
2020-05-26 17:00:00,22.9,0,106.1
2020-05-26 18:00:00,22.1,0,256.8
2020-05-26 19:00:00,20.9,0,133.5
2020-05-26 20:00:00,20.2,0,23.97
2020-05-26 21:00:00,20.1,0,0
2020-05-26 22:00:00,19.7,0,0
2020-05-26 23:00:00,19.5,0,0
2020-05-27 00:00:00,19.6,0,0
2020-05-27 01:00:00,19.4,0,0
2020-05-27 02:00:00,19.3,0,0
2020-05-27 03:00:00,19.3,0,0
2020-05-27 04:00:00,19.4,0,0
2020-05-27 05:00:00,19.3,0,0
2020-05-27 06:00:00,19.1,0,0
2020-05-27 07:00:00,19.2,0,0
2020-05-27 08:00:00,19.5,0.76,51.36
2020-05-27 09:00:00,19.7,0,51.36
2020-05-27 10:00:00,20,0.51,78.75
2020-05-27 11:00:00,20.3,0.25,119.8
2020-05-27 12:00:00,20.5,0.51,133.5
2020-05-27 13:00:00,20.5,1.27,106.1
2020-05-27 14:00:00,20.6,4.32,65.06
2020-05-27 15:00:00,20.9,5.84,37.66
2020-05-27 16:00:00,21,8.64,140.4
2020-05-27 17:00:00,21.6,6.1,92.4
2020-05-27 18:00:00,22.2,3.81,0
2020-05-27 19:00:00,22.6,3.3,0
2020-05-27 20:00:00,22.8,1.52,0
2020-05-27 21:00:00,22.3,0.25,0
2020-05-27 22:00:00,21.1,0.25,0
2020-05-27 23:00:00,20.7,0,0
2020-05-28 00:00:00,20.5,0,0
2020-05-28 01:00:00,20.3,0,0
2020-05-28 02:00:00,19.9,0,0
2020-05-28 03:00:00,20.1,0,0
2020-05-28 04:00:00,19.9,0,0
2020-05-28 05:00:00,19.9,0,0
2020-05-28 06:00:00,20.2,0,0
2020-05-28 07:00:00,20.9,0,51.36
2020-05-28 08:00:00,22.1,0,119.8
2020-05-28 09:00:00,22.8,0,147.2
2020-05-28 10:00:00,23.7,0,85.6
2020-05-28 11:00:00,26,0,393.8
2020-05-28 12:00:00,27.2,0,1188
2020-05-28 13:00:00,28.7,0,421.2
2020-05-28 14:00:00,29.1,0,311.6
2020-05-28 15:00:00,28,0,811
2020-05-28 16:00:00,22.3,0,51.36
2020-05-28 17:00:00,23.6,10.41,51.36
2020-05-28 18:00:00,23,0,373.2
2020-05-28 19:00:00,22.3,0,37.66
2020-05-28 20:00:00,21.6,0,0
2020-05-28 21:00:00,22,0,0
2020-05-28 22:00:00,22.4,0,0
2020-05-28 23:00:00,22.1,0,0
2020-05-29 00:00:00,21.6,0,0
2020-05-29 01:00:00,21.5,0,0
2020-05-29 02:00:00,21.7,0,0
2020-05-29 03:00:00,22.1,0,0
2020-05-29 04:00:00,22.1,0.25,0
2020-05-29 05:00:00,22.1,1.27,0
2020-05-29 06:00:00,22.1,0,0
2020-05-29 07:00:00,22.3,0,23.97
2020-05-29 08:00:00,22.6,0,23.97
2020-05-29 09:00:00,21.4,0.76,106.1
2020-05-29 10:00:00,21.4,2.03,37.66
2020-05-29 11:00:00,22.9,1.27,160.9
2020-05-29 12:00:00,25.6,0,393.8
2020-05-29 13:00:00,25.7,0,448.5
2020-05-29 14:00:00,20.1,0,78.75
2020-05-29 15:00:00,21.8,16,MV
2020-05-29 16:00:00,22.8,1.52,421.2
2020-05-29 17:00:00,22.5,0.25,256.8
2020-05-29 18:00:00,22.9,0,78.75
2020-05-29 19:00:00,22.7,0,106.1
2020-05-29 20:00:00,22.7,0,0
2020-05-29 21:00:00,21.6,0,0
2020-05-29 22:00:00,21.2,0,0
2020-05-29 23:00:00,20.8,0,0
2020-05-30 00:00:00,20.4,0,0
2020-05-30 01:00:00,20.4,0,0
2020-05-30 02:00:00,20.3,0,0
2020-05-30 03:00:00,20.2,0,0
2020-05-30 04:00:00,20.2,0,0
2020-05-30 05:00:00,19.9,0,0
2020-05-30 06:00:00,20.2,0,0
2020-05-30 07:00:00,20.9,0,23.97
2020-05-30 08:00:00,22.3,0,92.4
2020-05-30 09:00:00,24.2,0,215.7
2020-05-30 10:00:00,24.2,0,853
2020-05-30 11:00:00,25.3,MV
2020-05-30 12:00:00,MV
2020-05-30 13:00:00,MV
2020-05-30 14:00:00,29.1,MV
2020-05-30 15:00:00,28.6,MV
2020-05-30 16:00:00,MV
2020-05-30 17:00:00,MV
2020-05-30 18:00:00,MV
2020-05-30 19:00:00,MV
2020-05-30 20:00:00,MV
2020-05-30 21:00:00,MV
2020-05-30 22:00:00,MV
2020-05-30 23:00:00,MV
2020-05-31 00:00:00,MV
2020-05-31 01:00:00,MV
2020-05-31 02:00:00,MV
2020-05-31 03:00:00,MV
2020-05-31 04:00:00,MV
2020-05-31 05:00:00,MV
2020-05-31 06:00:00,MV
2020-05-31 07:00:00,MV
2020-05-31 08:00:00,MV
2020-05-31 09:00:00,MV
2020-05-31 10:00:00,MV
2020-05-31 11:00:00,MV
2020-05-31 12:00:00,MV
2020-05-31 13:00:00,MV
2020-05-31 14:00:00,MV
2020-05-31 15:00:00,MV
2020-05-31 16:00:00,MV
2020-05-31 17:00:00,MV
2020-05-31 18:00:00,MV
2020-05-31 19:00:00,MV
2020-05-31 20:00:00,MV
2020-05-31 21:00:00,18.3,MV
2020-05-31 22:00:00,18,MV
2020-05-31 23:00:00,MV
2020-06-01 00:00:00,MV
2020-06-01 01:00:00,MV
2020-06-01 02:00:00,MV
2020-06-01 03:00:00,MV
2020-06-01 04:00:00,MV
2020-06-01 05:00:00,MV
2020-06-01 06:00:00,MV
2020-06-01 07:00:00,MV
2020-06-01 08:00:00,17.3,MV
2020-06-01 09:00:00,19,0,530.7
2020-06-01 10:00:00,20.8,0,736.2
2020-06-01 11:00:00,21.5,0,900
2020-06-01 12:00:00,22.1,0,1010
2020-06-01 13:00:00,22.5,0,1065
2020-06-01 14:00:00,22.5,0,1051
2020-06-01 15:00:00,MV
2020-06-01 16:00:00,25.1,MV
2020-06-01 17:00:00,24.9,0,626.6
2020-06-01 18:00:00,24.4,0,421.2
2020-06-01 19:00:00,21.2,0,188.3
2020-06-01 20:00:00,18.8,0,71.9
2020-06-01 21:00:00,17.9,0,0
2020-06-01 22:00:00,17,0,0
2020-06-01 23:00:00,15.6,0,0
2020-06-02 00:00:00,16.3,0,0
2020-06-02 01:00:00,16,0,0
2020-06-02 02:00:00,15.8,0,0
2020-06-02 03:00:00,15.4,0,0
2020-06-02 04:00:00,15.1,0,0
2020-06-02 05:00:00,15.2,0,0
2020-06-02 06:00:00,15.8,0,0
2020-06-02 07:00:00,18.2,0,147.2
2020-06-02 08:00:00,18.2,0,297.9
2020-06-02 09:00:00,MV
2020-06-02 10:00:00,24,MV
2020-06-02 11:00:00,24.7,0,873
2020-06-02 12:00:00,26.3,0,1065
2020-06-02 13:00:00,27.3,0,1010
2020-06-02 14:00:00,28.2,0,1010
2020-06-02 15:00:00,27.7,0,352.7
2020-06-02 16:00:00,28,0,846
2020-06-02 17:00:00,27.9,0,585.5
2020-06-02 18:00:00,27,0,421.2
2020-06-02 19:00:00,25.5,0,195.2
2020-06-02 20:00:00,24,0,51.36
2020-06-02 21:00:00,23.1,0,0
2020-06-02 22:00:00,22.6,0,0
2020-06-02 23:00:00,21.8,0,0
2020-06-03 00:00:00,21.6,0,0
2020-06-03 01:00:00,20.7,0,0
2020-06-03 02:00:00,20.1,0,0
2020-06-03 03:00:00,19.2,0,0
2020-06-03 04:00:00,18.7,0,0
2020-06-03 05:00:00,18.3,0,0
2020-06-03 06:00:00,18.6,0,0
2020-06-03 07:00:00,20.4,0,106.1
2020-06-03 08:00:00,22.5,0,297.9
2020-06-03 09:00:00,24.5,0,517
2020-06-03 10:00:00,26.3,0,708.8
2020-06-03 11:00:00,28,0,859
2020-06-03 12:00:00,29.1,0,969
2020-06-03 13:00:00,29.8,0,1010
2020-06-03 14:00:00,30.3,0,1010
2020-06-03 15:00:00,31,0,928
2020-06-03 16:00:00,30.8,0,736.2
2020-06-03 17:00:00,29.8,0,626.6
2020-06-03 18:00:00,29.3,0,256.8
2020-06-03 19:00:00,28.1,0,188.3
2020-06-03 20:00:00,26.4,0,44.51
2020-06-03 21:00:00,25.5,0,0
2020-06-03 22:00:00,24.5,0,0
2020-06-03 23:00:00,24.1,0,0
2020-06-04 00:00:00,23.5,0,0
2020-06-04 01:00:00,23,0,0
2020-06-04 02:00:00,22.3,0,0
2020-06-04 03:00:00,21.6,0,0
2020-06-04 04:00:00,20.8,0,0
2020-06-04 05:00:00,20.3,0,0
2020-06-04 06:00:00,20.5,0,0
2020-06-04 07:00:00,22.6,0,119.8
2020-06-04 08:00:00,24.7,0,297.9
2020-06-04 09:00:00,25.6,0,503.3
2020-06-04 10:00:00,27.4,0,708.8
2020-06-04 11:00:00,29.4,0,859
2020-06-04 12:00:00,30.1,0,969
2020-06-04 13:00:00,30.8,0,1106
2020-06-04 14:00:00,31.1,0,1133
2020-06-04 15:00:00,30.4,0,983
2020-06-04 16:00:00,30.2,0,790.9
2020-06-04 17:00:00,29.3,0,654
2020-06-04 18:00:00,28,0,407.5
2020-06-04 19:00:00,26.6,0,147.2
2020-06-04 20:00:00,25.1,0,51.36
2020-06-04 21:00:00,23.7,0,0
2020-06-04 22:00:00,22.5,0,0
2020-06-04 23:00:00,21.6,0,0
2020-06-05 00:00:00,20.8,0,0
2020-06-05 01:00:00,21.1,0,0
2020-06-05 02:00:00,21.2,0,0
2020-06-05 03:00:00,21.2,0,0
2020-06-05 04:00:00,20.2,0,0
2020-06-05 05:00:00,20.6,0.25,0
2020-06-05 06:00:00,20.1,0.25,0
2020-06-05 07:00:00,20.4,0.51,23.97
2020-06-05 08:00:00,22.2,0.51,119.8
2020-06-05 09:00:00,24.6,0,311.6
2020-06-05 10:00:00,25.1,0.25,270.5
2020-06-05 11:00:00,25.4,0,1147
2020-06-05 12:00:00,26.8,0,188.3
2020-06-05 13:00:00,27.3,0,339
2020-06-05 14:00:00,27.9,0,708.8
2020-06-05 15:00:00,28.8,0,311.6
2020-06-05 16:00:00,28.9,0,901
2020-06-05 17:00:00,29.2,0,243.1
2020-06-05 18:00:00,27.2,0,462.2
2020-06-05 19:00:00,26.1,0,78.75
2020-06-05 20:00:00,25,0,37.66
2020-06-05 21:00:00,23.8,0,0
2020-06-05 22:00:00,23.6,0,0
2020-06-05 23:00:00,22.7,0,0
2020-06-06 00:00:00,22,0,0
2020-06-06 01:00:00,21.4,0,0
2020-06-06 02:00:00,21.4,0,0
2020-06-06 03:00:00,20.9,0,0
2020-06-06 04:00:00,20.6,0,0
2020-06-06 05:00:00,21,0,0
2020-06-06 06:00:00,21.7,0,0
2020-06-06 07:00:00,22.4,0,65.06
2020-06-06 08:00:00,23.5,0,147.2
2020-06-06 09:00:00,25.5,0,407.5
2020-06-06 10:00:00,27.3,0,421.2
2020-06-06 11:00:00,27.8,0,784.1
2020-06-06 12:00:00,29,0,969
2020-06-06 13:00:00,29.5,0,715.6
2020-06-06 14:00:00,29.9,0,736.2
2020-06-06 15:00:00,30.2,0,805
2020-06-06 16:00:00,30.1,0,749.9
2020-06-06 17:00:00,30.1,0,503.3
2020-06-06 18:00:00,28.7,0,215.7
2020-06-06 19:00:00,27.3,0,160.9
2020-06-06 20:00:00,25.9,0,37.66
2020-06-06 21:00:00,25.1,0,0
2020-06-06 22:00:00,24.2,0,0
2020-06-06 23:00:00,23.7,0,0
2020-06-07 00:00:00,23.2,0,0
2020-06-07 01:00:00,22.8,0,0
2020-06-07 02:00:00,22.6,0,0
2020-06-07 03:00:00,22.1,0,0
2020-06-07 04:00:00,21.7,0,0
2020-06-07 05:00:00,21.8,0,0
2020-06-07 06:00:00,22.1,0,0
2020-06-07 07:00:00,23.1,0,92.4
2020-06-07 08:00:00,25,0,188.3
2020-06-07 09:00:00,26.4,0,325.3
2020-06-07 10:00:00,28.8,0,517
2020-06-07 11:00:00,29.3,0,503.3
2020-06-07 12:00:00,30.4,0,462.2
2020-06-07 13:00:00,31.6,0,1161
2020-06-07 14:00:00,31,0,1175
2020-06-07 15:00:00,30.8,0,983
2020-06-07 16:00:00,30.5,0,860
2020-06-07 17:00:00,30.8,0,133.6
2020-06-07 18:00:00,29.2,0,380.1
2020-06-07 19:00:00,27.6,0,65.06
2020-06-07 20:00:00,25.4,0,23.97
2020-06-07 21:00:00,25.2,0,0
2020-06-07 22:00:00,24.7,0,0
2020-06-07 23:00:00,24,0,0
2020-06-08 00:00:00,23.2,0,0
2020-06-08 01:00:00,22.6,0,0
2020-06-08 02:00:00,22.5,0,0
2020-06-08 03:00:00,21.7,0,0
2020-06-08 04:00:00,21.4,0,0
2020-06-08 05:00:00,20.9,0,0
2020-06-08 06:00:00,21.5,0,0
2020-06-08 07:00:00,22.2,0,106.1
2020-06-08 08:00:00,23.4,0,51.36
2020-06-08 09:00:00,24.8,0,297.9
2020-06-08 10:00:00,26.4,0,462.2
2020-06-08 11:00:00,27.3,0,1120
2020-06-08 12:00:00,28.3,0,1174
2020-06-08 13:00:00,28.4,0,434.8
2020-06-08 14:00:00,28.7,0,380.1
2020-06-08 15:00:00,26.6,0,270.5
2020-06-08 16:00:00,29,0,106.1
2020-06-08 17:00:00,29,0,407.5
2020-06-08 18:00:00,27.6,0,380.1
2020-06-08 19:00:00,26.2,0,106.1
2020-06-08 20:00:00,25,0,23.97
2020-06-08 21:00:00,23.5,0,0
2020-06-08 22:00:00,23.2,0,0
2020-06-08 23:00:00,23.1,0,0
2020-06-09 00:00:00,23.1,0,0
2020-06-09 01:00:00,22.9,0,0
2020-06-09 02:00:00,22.6,0,0
2020-06-09 03:00:00,22.6,0,0
2020-06-09 04:00:00,22.8,0,0
2020-06-09 05:00:00,22.8,0,0
2020-06-09 06:00:00,22.6,0,0
2020-06-09 07:00:00,22.6,0,0
2020-06-09 08:00:00,22.9,0,51.36
2020-06-09 09:00:00,23.8,0,92.4
2020-06-09 10:00:00,26,0,160.9
2020-06-09 11:00:00,27.7,0,434.8
2020-06-09 12:00:00,29.3,0,393.8
2020-06-09 13:00:00,30.3,0,1174
2020-06-09 14:00:00,31,0,311.6
2020-06-09 15:00:00,31.1,0,1216
2020-06-09 16:00:00,30.9,0,318.5
2020-06-09 17:00:00,30.4,0,339
2020-06-09 18:00:00,27.5,0,318.5
2020-06-09 19:00:00,26.6,0,78.75
2020-06-09 20:00:00,25,0,65.06
2020-06-09 21:00:00,24,0,0
2020-06-09 22:00:00,23.4,0,0
2020-06-09 23:00:00,23.9,0,0
2020-06-10 00:00:00,24.1,0,0
2020-06-10 01:00:00,23.9,0,0
2020-06-10 02:00:00,23.9,0,0
2020-06-10 03:00:00,23.2,0,0
2020-06-10 04:00:00,22.8,0,0
2020-06-10 05:00:00,22.6,0,0
2020-06-10 06:00:00,22.7,0,0
2020-06-10 07:00:00,23.4,0,37.66
2020-06-10 08:00:00,24.4,0,160.9
2020-06-10 09:00:00,26.8,0,174.6
2020-06-10 10:00:00,28.1,0,393.8
2020-06-10 11:00:00,28.9,0,544.4
2020-06-10 12:00:00,30.1,0,914
2020-06-10 13:00:00,30.8,0,612.9
2020-06-10 14:00:00,29.7,0,1147
2020-06-10 15:00:00,31.2,0,174.6
2020-06-10 16:00:00,30.6,0,873
2020-06-10 17:00:00,29.8,0,654
2020-06-10 18:00:00,28.8,0,133.6
2020-06-10 19:00:00,22.3,0,37.67
2020-06-10 20:00:00,22.8,5.08,23.97
2020-06-10 21:00:00,22.9,2.79,0
2020-06-10 22:00:00,23.3,0,0
2020-06-10 23:00:00,23.5,0.25,0
2020-06-11 00:00:00,23.6,0,0
2020-06-11 01:00:00,23.5,0,0
2020-06-11 02:00:00,23.5,0,0
2020-06-11 03:00:00,22.3,0,0
2020-06-11 04:00:00,22,16,0
2020-06-11 05:00:00,22.5,7.37,0
2020-06-11 06:00:00,22.7,0,0
2020-06-11 07:00:00,22.8,0,23.97
2020-06-11 08:00:00,23.5,0,37.66
2020-06-11 09:00:00,23.8,0,243.1
2020-06-11 10:00:00,25.1,1.27,229.4
2020-06-11 11:00:00,26.2,0,352.7
2020-06-11 12:00:00,28.2,0,654
2020-06-11 13:00:00,28.6,0,1085
2020-06-11 14:00:00,29.2,0,448.5
2020-06-11 15:00:00,29.7,0,763.6
2020-06-11 16:00:00,27.1,0,380.1
2020-06-11 17:00:00,25.8,0,174.6
2020-06-11 18:00:00,25.4,0,174.6
2020-06-11 19:00:00,24.8,0,106.1
2020-06-11 20:00:00,24.6,0,37.66
2020-06-11 21:00:00,24.5,0,0
2020-06-11 22:00:00,21.2,0,0
2020-06-11 23:00:00,21,6.6,0
2020-06-12 00:00:00,21.1,10.67,0
2020-06-12 01:00:00,20.7,0,0
2020-06-12 02:00:00,20.8,0,0
2020-06-12 03:00:00,20.6,0,0
2020-06-12 04:00:00,19.4,0,0
2020-06-12 05:00:00,19.1,0,0
2020-06-12 06:00:00,18.9,0,0
2020-06-12 07:00:00,20.4,0,106.1
2020-06-12 08:00:00,21.7,0,311.6
2020-06-12 09:00:00,22.5,0,530.7
2020-06-12 10:00:00,23.2,0,407.5
2020-06-12 11:00:00,26,0,434.8
2020-06-12 12:00:00,26.7,0,901
2020-06-12 13:00:00,27.4,0,1024
2020-06-12 14:00:00,27.6,0,1051
2020-06-12 15:00:00,27.4,0,942
2020-06-12 16:00:00,27.7,0,832
2020-06-12 17:00:00,27,0,640.3
2020-06-12 18:00:00,27.5,0,448.5
2020-06-12 19:00:00,25.5,0,270.5
2020-06-12 20:00:00,23.1,0,78.75
2020-06-12 21:00:00,22,0,0
2020-06-12 22:00:00,21.7,0,0
2020-06-12 23:00:00,20.8,0,0
2020-06-13 00:00:00,19.9,0,0
2020-06-13 01:00:00,19.3,0,0
2020-06-13 02:00:00,18.7,0,0
2020-06-13 03:00:00,18,0,0
2020-06-13 04:00:00,17.5,0,0
2020-06-13 05:00:00,17.6,0,0
2020-06-13 06:00:00,17.9,0,0
2020-06-13 07:00:00,20.1,0,92.4
2020-06-13 08:00:00,21.9,0,311.6
2020-06-13 09:00:00,23,0,517
2020-06-13 10:00:00,24.4,0,434.8
2020-06-13 11:00:00,26,0,873
2020-06-13 12:00:00,26.6,0,983
2020-06-13 13:00:00,27,0,1037
2020-06-13 14:00:00,27.1,0,1024
2020-06-13 15:00:00,27.8,0,942
2020-06-13 16:00:00,27.7,0,805
2020-06-13 17:00:00,26.9,0,626.6
2020-06-13 18:00:00,26.5,0,421.2
2020-06-13 19:00:00,24.5,0,215.7
2020-06-13 20:00:00,21.3,0,65.06
2020-06-13 21:00:00,20.1,0,0
2020-06-13 22:00:00,19.8,0,0
2020-06-13 23:00:00,19.3,0,0
2020-06-14 00:00:00,18.6,0,0
2020-06-14 01:00:00,17.5,0,0
2020-06-14 02:00:00,16.9,0,0
2020-06-14 03:00:00,16,0,0
2020-06-14 04:00:00,16.3,0,0
2020-06-14 05:00:00,15.7,0,0
2020-06-14 06:00:00,16.4,0,0
2020-06-14 07:00:00,18.2,0,133.5
2020-06-14 08:00:00,20,0,311.6
2020-06-14 09:00:00,21.8,0,517
2020-06-14 10:00:00,22.9,0,722.5
2020-06-14 11:00:00,24.4,0,996
2020-06-14 12:00:00,25,0,1037
2020-06-14 13:00:00,25.4,0,1065
2020-06-14 14:00:00,25.8,0,1161
2020-06-14 15:00:00,25.2,0,935
2020-06-14 16:00:00,25,0,928
2020-06-14 17:00:00,24.5,0,434.8
2020-06-14 18:00:00,23.2,0,215.7
2020-06-14 19:00:00,22,0,202
2020-06-14 20:00:00,20.3,0,37.66
2020-06-14 21:00:00,19.5,0,0
2020-06-14 22:00:00,18.5,0,0
2020-06-14 23:00:00,17.2,0,0
2020-06-15 00:00:00,17.7,0,0
2020-06-15 01:00:00,17.8,0,0
2020-06-15 02:00:00,17.6,0,0
2020-06-15 03:00:00,16.9,0,0
2020-06-15 04:00:00,16.7,0,0
2020-06-15 05:00:00,14.3,0,0
2020-06-15 06:00:00,13.9,1.27,0
2020-06-15 07:00:00,13.8,1.27,0
2020-06-15 08:00:00,14.4,7.37,78.75
2020-06-15 09:00:00,14.7,0,106.1
2020-06-15 10:00:00,15.3,1.02,78.75
2020-06-15 11:00:00,16.7,0,208.9
2020-06-15 12:00:00,15.8,0,530.7
2020-06-15 13:00:00,15.1,0.25,421.2
2020-06-15 14:00:00,15.6,0,202
2020-06-15 15:00:00,15.5,0,202
2020-06-15 16:00:00,15.3,0,92.4
2020-06-15 17:00:00,15.3,0.25,147.2
2020-06-15 18:00:00,15.2,0.51,106.1
2020-06-15 19:00:00,15.2,0,65.06
2020-06-15 20:00:00,14.9,0,0
2020-06-15 21:00:00,14.6,0,0
2020-06-15 22:00:00,14.8,0,0
2020-06-15 23:00:00,14.9,1.27,0
2020-06-16 00:00:00,14.9,0,0
2020-06-16 01:00:00,14.8,1.02,0
2020-06-16 02:00:00,14.7,0,0
2020-06-16 03:00:00,14.8,0,0
2020-06-16 04:00:00,14.6,0,0
2020-06-16 05:00:00,14.6,0,0
2020-06-16 06:00:00,14.5,0.25,0
2020-06-16 07:00:00,14.1,0,23.97
2020-06-16 08:00:00,14.4,2.03,37.66
2020-06-16 09:00:00,14.8,3.56,106.1
2020-06-16 10:00:00,15.2,0.25,133.5
2020-06-16 11:00:00,15.9,0,92.4
2020-06-16 12:00:00,15.8,0,160.9
2020-06-16 13:00:00,16.1,1.52,174.6
2020-06-16 14:00:00,15.3,0.25,106.1
2020-06-16 15:00:00,15.7,0.51,92.4
2020-06-16 16:00:00,14.9,0.25,243.1
2020-06-16 17:00:00,15.6,0,78.75
2020-06-16 18:00:00,15.3,0,174.6
2020-06-16 19:00:00,14.4,0,65.06
2020-06-16 20:00:00,14.3,0.76,0
2020-06-16 21:00:00,14.6,0.51,0
2020-06-16 22:00:00,14.8,0,0
2020-06-16 23:00:00,15.1,0,0
2020-06-17 00:00:00,15,0,0
2020-06-17 01:00:00,15.2,0,0
2020-06-17 02:00:00,15.2,0,0
2020-06-17 03:00:00,15.1,0,0
2020-06-17 04:00:00,15.1,0,0
2020-06-17 05:00:00,15.1,0,0
2020-06-17 06:00:00,15.4,0,0
2020-06-17 07:00:00,15.6,0,106.1
2020-06-17 08:00:00,15.7,0,78.75
2020-06-17 09:00:00,16.5,0,92.4
2020-06-17 10:00:00,18.1,0,243.1
2020-06-17 11:00:00,19.1,0,339
2020-06-17 12:00:00,19.1,0,325.3
2020-06-17 13:00:00,20.3,0,325.3
2020-06-17 14:00:00,19.7,0,393.8
2020-06-17 15:00:00,20.3,0,297.9
2020-06-17 16:00:00,19.1,0,366.4
2020-06-17 17:00:00,18.7,0,65.06
2020-06-17 18:00:00,19.3,0,51.36
2020-06-17 19:00:00,18.7,0,78.75
2020-06-17 20:00:00,17.3,0,51.36
2020-06-17 21:00:00,16.2,0,0
2020-06-17 22:00:00,16.2,0,0
2020-06-17 23:00:00,15.5,0,0
2020-06-18 00:00:00,15.9,0,0
2020-06-18 01:00:00,15.4,0,0
2020-06-18 02:00:00,15.5,0,0
2020-06-18 03:00:00,15.4,0,0
2020-06-18 04:00:00,15.3,0,0
2020-06-18 05:00:00,14.8,0,0
2020-06-18 06:00:00,15.2,0,0
2020-06-18 07:00:00,16.4,0,92.4
2020-06-18 08:00:00,19.4,0,106.1
2020-06-18 09:00:00,20.1,0,215.7
2020-06-18 10:00:00,20.7,0,256.8
2020-06-18 11:00:00,22.5,0,517
2020-06-18 12:00:00,24.4,0,503.3
2020-06-18 13:00:00,24.4,0,1216
2020-06-18 14:00:00,25.3,0,1435
2020-06-18 15:00:00,25.7,0,352.7
2020-06-18 16:00:00,24.7,0,393.8
2020-06-18 17:00:00,25.2,0,612.9
2020-06-18 18:00:00,23.8,0,517
2020-06-18 19:00:00,22.8,0,78.75
2020-06-18 20:00:00,22,0,37.66
2020-06-18 21:00:00,21.8,0,0
2020-06-18 22:00:00,21.2,0,0
2020-06-18 23:00:00,20.6,0,0
2020-06-19 00:00:00,20,0,0
2020-06-19 01:00:00,19.4,0,0
2020-06-19 02:00:00,18.6,0,0
2020-06-19 03:00:00,17.7,0,0
2020-06-19 04:00:00,17.1,0,0
2020-06-19 05:00:00,17.2,0,0
2020-06-19 06:00:00,18,0,0
2020-06-19 07:00:00,19.8,0,37.66
2020-06-19 08:00:00,21.3,0,106.1
2020-06-19 09:00:00,24.3,0,571.8
2020-06-19 10:00:00,25,0,777.2
2020-06-19 11:00:00,25.5,0,297.9
2020-06-19 12:00:00,27,0,1161
2020-06-19 13:00:00,26.9,0,1202
2020-06-19 14:00:00,28,0,1270
2020-06-19 15:00:00,28,0,996
2020-06-19 16:00:00,28.2,0,805
2020-06-19 17:00:00,28.1,0,708.8
2020-06-19 18:00:00,25.8,0,475.9
2020-06-19 19:00:00,24.1,0,23.97
2020-06-19 20:00:00,20.2,0,0
2020-06-19 21:00:00,19.4,0,0
2020-06-19 22:00:00,18.6,1.27,0
2020-06-19 23:00:00,18.3,0.76,0
2020-06-20 00:00:00,17.9,1.02,0
2020-06-20 01:00:00,17.9,0.51,0
2020-06-20 02:00:00,17.4,0,0
2020-06-20 03:00:00,17.3,0,0
2020-06-20 04:00:00,17.1,0,0
2020-06-20 05:00:00,16.8,0,0
2020-06-20 06:00:00,16.8,0.25,0
2020-06-20 07:00:00,19.1,0,51.36
2020-06-20 08:00:00,21.5,0,284.2
2020-06-20 09:00:00,23.2,0,503.3
2020-06-20 10:00:00,25.2,0,695.1
2020-06-20 11:00:00,26.6,0,846
2020-06-20 12:00:00,27.2,0,1079
2020-06-20 13:00:00,28,0,1174
2020-06-20 14:00:00,27.6,0,1174
2020-06-20 15:00:00,25.9,0,407.5
2020-06-20 16:00:00,25.7,0,215.7
2020-06-20 17:00:00,26.7,0,160.9
2020-06-20 18:00:00,25.7,0,544.4
2020-06-20 19:00:00,24,0,229.4
2020-06-20 20:00:00,21.3,0,65.06
2020-06-20 21:00:00,19.9,0,0
2020-06-20 22:00:00,19.3,0,0
2020-06-20 23:00:00,19.5,0,0
2020-06-21 00:00:00,18.7,0,0
2020-06-21 01:00:00,18.4,0,0
2020-06-21 02:00:00,19.2,0,0
2020-06-21 03:00:00,18.7,0,0
2020-06-21 04:00:00,17.9,0,0
2020-06-21 05:00:00,17.4,0,0
2020-06-21 06:00:00,18.6,0,0
2020-06-21 07:00:00,21.9,0,119.8
2020-06-21 08:00:00,24.8,0,284.2
2020-06-21 09:00:00,26.9,0,475.9
2020-06-21 10:00:00,27.8,0,681.4
2020-06-21 11:00:00,28.5,0,859
2020-06-21 12:00:00,29.3,0,969
2020-06-21 13:00:00,30.5,0,208.9
2020-06-21 14:00:00,30.6,0,1051
2020-06-21 15:00:00,31.1,0,996
2020-06-21 16:00:00,31.5,0,805
2020-06-21 17:00:00,31.3,0,599.3
2020-06-21 18:00:00,31,0,421.2
2020-06-21 19:00:00,29.6,0,215.7
2020-06-21 20:00:00,25.4,0,51.37
2020-06-21 21:00:00,25.6,0,0
2020-06-21 22:00:00,24.7,0,0
2020-06-21 23:00:00,23.3,0,0
2020-06-22 00:00:00,23.1,0,0
2020-06-22 01:00:00,22.3,0,0
2020-06-22 02:00:00,21.9,0,0
2020-06-22 03:00:00,21.8,0,0
2020-06-22 04:00:00,21.5,0,0
2020-06-22 05:00:00,21.2,0,0
2020-06-22 06:00:00,21.7,0,0
2020-06-22 07:00:00,23.5,0,133.5
2020-06-22 08:00:00,26,0,325.3
2020-06-22 09:00:00,27.1,0,366.4
2020-06-22 10:00:00,28.7,0,695.1
2020-06-22 11:00:00,29.7,0,846
2020-06-22 12:00:00,30.2,0,1051
2020-06-22 13:00:00,30.2,0,1010
2020-06-22 14:00:00,31.4,0,339
2020-06-22 15:00:00,31.5,0,996
2020-06-22 16:00:00,31.5,0,236.3
2020-06-22 17:00:00,31.6,0,613
2020-06-22 18:00:00,30.8,0,421.2
2020-06-22 19:00:00,28.4,0,202
2020-06-22 20:00:00,27.4,0,0
2020-06-22 21:00:00,23.8,0,0
2020-06-22 22:00:00,22,0,0
2020-06-22 23:00:00,21.9,0,0
2020-06-23 00:00:00,21.5,0,0
2020-06-23 01:00:00,21.3,0,0
2020-06-23 02:00:00,21.3,0,0
2020-06-23 03:00:00,20.7,0,0
2020-06-23 04:00:00,20.8,0,0
2020-06-23 05:00:00,20.5,0,0
2020-06-23 06:00:00,20.5,0,0
2020-06-23 07:00:00,22,0,51.36
2020-06-23 08:00:00,22.8,0,160.9
2020-06-23 09:00:00,24.1,0,188.3
2020-06-23 10:00:00,26,0,475.9
2020-06-23 11:00:00,27.5,0,832
2020-06-23 12:00:00,28.4,0,996
2020-06-23 13:00:00,28.6,0,1133
2020-06-23 14:00:00,29.2,0,325.3
2020-06-23 15:00:00,29,0,503.3
2020-06-23 16:00:00,28.7,0,914
2020-06-23 17:00:00,28.1,0,749.9
2020-06-23 18:00:00,27.2,0,160.9
2020-06-23 19:00:00,26.3,0,133.5
2020-06-23 20:00:00,23.2,0,37.66
2020-06-23 21:00:00,22,0,0
2020-06-23 22:00:00,21.2,0,0
2020-06-23 23:00:00,20.9,0,0
2020-06-24 00:00:00,20.5,0,0
2020-06-24 01:00:00,20.9,0,0
2020-06-24 02:00:00,21,0,0
2020-06-24 03:00:00,21.4,0,0
2020-06-24 04:00:00,21,0,0
2020-06-24 05:00:00,21.2,0,0
2020-06-24 06:00:00,21.5,0,0
2020-06-24 07:00:00,22.9,0,78.75
2020-06-24 08:00:00,24.9,0,284.2
2020-06-24 09:00:00,26.4,0,380.1
2020-06-24 10:00:00,27.3,0,681.4
2020-06-24 11:00:00,28.3,0,873
2020-06-24 12:00:00,28.8,0,969
2020-06-24 13:00:00,29.2,0,571.8
2020-06-24 14:00:00,29.3,0,462.3
2020-06-24 15:00:00,29.9,0,352.7
2020-06-24 16:00:00,30,0,832
2020-06-24 17:00:00,29.6,0,626.7
2020-06-24 18:00:00,28,0,489.7
2020-06-24 19:00:00,26.5,0,78.75
2020-06-24 20:00:00,23.9,0,0
2020-06-24 21:00:00,22.9,0,0
2020-06-24 22:00:00,22.4,0,0
2020-06-24 23:00:00,22,0,0
2020-06-25 00:00:00,21.5,0,0
2020-06-25 01:00:00,21.3,0,0
2020-06-25 02:00:00,21.3,0,0
2020-06-25 03:00:00,21,0,0
2020-06-25 04:00:00,21,0,0
2020-06-25 05:00:00,20.8,0,0
2020-06-25 06:00:00,20.5,0,0
2020-06-25 07:00:00,20.5,0,23.97
2020-06-25 08:00:00,20.7,0.51,37.66
2020-06-25 09:00:00,20.9,0.76,78.75
2020-06-25 10:00:00,20.1,0.25,147.2
2020-06-25 11:00:00,22.3,2.29,106.1
2020-06-25 12:00:00,23.7,0.76,270.5
2020-06-25 13:00:00,23.7,0,277.3
2020-06-25 14:00:00,25.5,0,297.9
2020-06-25 15:00:00,26.5,0,475.9
2020-06-25 16:00:00,27.4,0,1024
2020-06-25 17:00:00,28,0,503.3
2020-06-25 18:00:00,26.2,0,448.5
2020-06-25 19:00:00,26,0,147.2
2020-06-25 20:00:00,24,0,65.06
2020-06-25 21:00:00,22.8,0,0
2020-06-25 22:00:00,22.2,0,0
2020-06-25 23:00:00,21.8,0,0
2020-06-26 00:00:00,21.8,0,0
2020-06-26 01:00:00,21.8,0,0
2020-06-26 02:00:00,21.3,0,0
2020-06-26 03:00:00,20.6,0,0
2020-06-26 04:00:00,20,0,0
2020-06-26 05:00:00,19.2,0,0
2020-06-26 06:00:00,19.7,0,0
2020-06-26 07:00:00,23.7,0,119.8
2020-06-26 08:00:00,25.2,0,297.9
2020-06-26 09:00:00,27,0,503.3
2020-06-26 10:00:00,28.6,0,708.8
2020-06-26 11:00:00,29.1,0,866
2020-06-26 12:00:00,30.2,0,1024
2020-06-26 13:00:00,30,0,1174
2020-06-26 14:00:00,30.2,0,640.3
2020-06-26 15:00:00,31.1,0,202
2020-06-26 16:00:00,30.7,0,846
2020-06-26 17:00:00,31,0,640.4
2020-06-26 18:00:00,30.2,0,434.9
2020-06-26 19:00:00,27.9,0,195.2
2020-06-26 20:00:00,25.5,0,37.67
2020-06-26 21:00:00,24.2,0,0
2020-06-26 22:00:00,23.7,0,0
2020-06-26 23:00:00,23.3,0,0
2020-06-27 00:00:00,22.1,0,0
2020-06-27 01:00:00,21.6,0,0
2020-06-27 02:00:00,21,0,0
2020-06-27 03:00:00,20.4,0,0
2020-06-27 04:00:00,19.7,0,0
2020-06-27 05:00:00,19.4,0,0
2020-06-27 06:00:00,20.1,0,0
2020-06-27 07:00:00,21.5,0,92.4
2020-06-27 08:00:00,22.4,0,174.6
2020-06-27 09:00:00,25,0,339
2020-06-27 10:00:00,27.4,0,749.9
2020-06-27 11:00:00,28.9,0,942
2020-06-27 12:00:00,29.6,0,1024
2020-06-27 13:00:00,29.8,0,1120
2020-06-27 14:00:00,30.9,0,1051
2020-06-27 15:00:00,30.4,0,181.5
2020-06-27 16:00:00,26.8,0,955
2020-06-27 17:00:00,28.3,1.27,544.4
2020-06-27 18:00:00,28.2,0,475.9
2020-06-27 19:00:00,27.1,0,106.1
2020-06-27 20:00:00,25.2,0,65.06
2020-06-27 21:00:00,24.4,0,0
2020-06-27 22:00:00,23.8,0,0
2020-06-27 23:00:00,23.8,0,0
2020-06-28 00:00:00,23,0,0
2020-06-28 01:00:00,22.4,0,0
2020-06-28 02:00:00,21.9,0,0
2020-06-28 03:00:00,21.1,0,0
2020-06-28 04:00:00,20.6,0,0
2020-06-28 05:00:00,20.3,0,0
2020-06-28 06:00:00,20.5,0,0
2020-06-28 07:00:00,22.1,0,65.06
2020-06-28 08:00:00,24.4,0,256.8
2020-06-28 09:00:00,26.2,0,489.6
2020-06-28 10:00:00,28.2,0,708.8
2020-06-28 11:00:00,29.2,0,736.2
2020-06-28 12:00:00,30.6,0,846
2020-06-28 13:00:00,30.6,0,571.8
2020-06-28 14:00:00,31.2,0,1229
2020-06-28 15:00:00,31.4,0,914
2020-06-28 16:00:00,30.5,0,805
2020-06-28 17:00:00,31.5,0,174.6
2020-06-28 18:00:00,29.7,0,407.5
2020-06-28 19:00:00,22.9,0,78.76
2020-06-28 20:00:00,22.7,3.56,23.97
2020-06-28 21:00:00,22.1,0,0
2020-06-28 22:00:00,21.5,0,0
2020-06-28 23:00:00,21.3,0,0
2020-06-29 00:00:00,21.3,0,0
2020-06-29 01:00:00,21.3,0,0
2020-06-29 02:00:00,21.5,0,0
2020-06-29 03:00:00,21.2,0,0
2020-06-29 04:00:00,20.8,0,0
2020-06-29 05:00:00,21,0.25,0
2020-06-29 06:00:00,20.7,0,0
2020-06-29 07:00:00,22.9,0,51.36
2020-06-29 08:00:00,25,0,270.5
2020-06-29 09:00:00,26.5,0,496.5
2020-06-29 10:00:00,27.7,0,681.4
2020-06-29 11:00:00,28.9,0,846
2020-06-29 12:00:00,29.6,0,1010
2020-06-29 13:00:00,30.1,0,1216
2020-06-29 14:00:00,30.5,0,1017
2020-06-29 15:00:00,31.2,0,311.6
2020-06-29 16:00:00,31.8,0,873
2020-06-29 17:00:00,31.2,0,777.4
2020-06-29 18:00:00,29.3,0,421.2
2020-06-29 19:00:00,29,0,92.5
2020-06-29 20:00:00,26.3,0,37.67
2020-06-29 21:00:00,24.7,0,0
2020-06-29 22:00:00,24,0,0
2020-06-29 23:00:00,23.6,0,0
2020-06-30 00:00:00,23,0,0
2020-06-30 01:00:00,23,0,0
2020-06-30 02:00:00,22.4,0,0
2020-06-30 03:00:00,22.4,0,0
2020-06-30 04:00:00,22.2,0,0
2020-06-30 05:00:00,21.7,0,0
2020-06-30 06:00:00,22.1,0,0
2020-06-30 07:00:00,23.5,0,51.36
2020-06-30 08:00:00,25.4,0,147.2
2020-06-30 09:00:00,26.6,0,202
2020-06-30 10:00:00,25.7,0,311.6
2020-06-30 11:00:00,22.8,0,202
2020-06-30 12:00:00,26.8,6.35,133.5
2020-06-30 13:00:00,29.2,0,599.2
2020-06-30 14:00:00,29,0,1311
2020-06-30 15:00:00,29.7,0,407.5
2020-06-30 16:00:00,29.1,0,654
2020-06-30 17:00:00,28.3,0,256.8
2020-06-30 18:00:00,27.1,0,256.8
2020-06-30 19:00:00,26,0,37.66
2020-06-30 20:00:00,24.2,0,78.75
2020-06-30 21:00:00,23.4,0,0
2020-06-30 22:00:00,23,0,0
2020-06-30 23:00:00,22.8,0,0
2020-07-01 00:00:00,22.3,0,0
2020-07-01 01:00:00,22,0,0
2020-07-01 02:00:00,21.8,0,0
2020-07-01 03:00:00,21.4,0,0
2020-07-01 04:00:00,21.4,0,0
2020-07-01 05:00:00,21.2,0,0
2020-07-01 06:00:00,21.3,0,0
2020-07-01 07:00:00,21.4,0,23.97
2020-07-01 08:00:00,22.6,0,78.75
2020-07-01 09:00:00,25.5,0,188.3
2020-07-01 10:00:00,26.4,0,558.1
2020-07-01 11:00:00,27.1,0,311.6
2020-07-01 12:00:00,28.4,0,544.4
2020-07-01 13:00:00,30,0,777.2
2020-07-01 14:00:00,30,0,1216
2020-07-01 15:00:00,30.7,0,928
2020-07-01 16:00:00,30.8,0,818
2020-07-01 17:00:00,30.8,0,640.4
2020-07-01 18:00:00,30.3,0,434.9
2020-07-01 19:00:00,28.5,0,215.7
2020-07-01 20:00:00,25.3,0,65.06
2020-07-01 21:00:00,24.1,0,0
2020-07-01 22:00:00,23,0,0
2020-07-01 23:00:00,22.2,0,0
2020-07-02 00:00:00,22.1,0,0
2020-07-02 01:00:00,21.5,0,0
2020-07-02 02:00:00,21,0,0
2020-07-02 03:00:00,21.2,0,0
2020-07-02 04:00:00,20.7,0,0
2020-07-02 05:00:00,21.1,0,0
2020-07-02 06:00:00,21.1,0,0
2020-07-02 07:00:00,21.5,0,37.66
2020-07-02 08:00:00,22.7,0,78.75
2020-07-02 09:00:00,26.5,0,243.1
2020-07-02 10:00:00,28.2,0,681.4
2020-07-02 11:00:00,28.9,0,832
2020-07-02 12:00:00,29.6,0,983
2020-07-02 13:00:00,30.2,0,1065
2020-07-02 14:00:00,31,0,942
2020-07-02 15:00:00,31.3,0,983
2020-07-02 16:00:00,30.9,0,818
2020-07-02 17:00:00,30.1,0,654.1
2020-07-02 18:00:00,29.9,0,421.2
2020-07-02 19:00:00,28.2,0,215.7
2020-07-02 20:00:00,25.9,0,65.06
2020-07-02 21:00:00,24.8,0,0
2020-07-02 22:00:00,24.6,0,0
2020-07-02 23:00:00,23.2,0,0
2020-07-03 00:00:00,21.5,0,0
2020-07-03 01:00:00,22.1,0,0
2020-07-03 02:00:00,20.8,0,0
2020-07-03 03:00:00,20.7,0,0
2020-07-03 04:00:00,20.6,0,0
2020-07-03 05:00:00,20.8,0,0
2020-07-03 06:00:00,20.8,0,0
2020-07-03 07:00:00,23.8,0,78.75
2020-07-03 08:00:00,26.8,0,284.2
2020-07-03 09:00:00,28.4,0,489.6
2020-07-03 10:00:00,30,0,681.4
2020-07-03 11:00:00,30.4,0,859
2020-07-03 12:00:00,31.4,0,202
2020-07-03 13:00:00,31.9,0,1031
2020-07-03 14:00:00,33,0,1051
2020-07-03 15:00:00,32.9,0,942
2020-07-03 16:00:00,33.1,0,805
2020-07-03 17:00:00,32.3,0,613
2020-07-03 18:00:00,31.6,0,421.2
2020-07-03 19:00:00,29.7,0,208.9
2020-07-03 20:00:00,27.4,0,65.07
2020-07-03 21:00:00,25.5,0,0
2020-07-03 22:00:00,26,0,0
2020-07-03 23:00:00,24.7,0,0
2020-07-04 00:00:00,24.1,0,0
2020-07-04 01:00:00,23.3,0,0
2020-07-04 02:00:00,22.9,0,0
2020-07-04 03:00:00,22.7,0,0
2020-07-04 04:00:00,22.5,0,0
2020-07-04 05:00:00,21.7,0,0
2020-07-04 06:00:00,21.1,0,0
2020-07-04 07:00:00,23.4,0,65.06
2020-07-04 08:00:00,26.9,0,263.6
2020-07-04 09:00:00,29.6,0,475.9
2020-07-04 10:00:00,31.1,0,681.4
2020-07-04 11:00:00,32.1,0,818
2020-07-04 12:00:00,33.1,0,955
2020-07-04 13:00:00,32.8,0,1106
2020-07-04 14:00:00,33.3,0,503.4
2020-07-04 15:00:00,33.4,0,983
2020-07-04 16:00:00,33.7,0,901
2020-07-04 17:00:00,32.7,0,702
2020-07-04 18:00:00,32.6,0,462.3
2020-07-04 19:00:00,29.6,0,256.8
2020-07-04 20:00:00,25.9,0,51.37
2020-07-04 21:00:00,24.3,0,0
2020-07-04 22:00:00,23.8,0,0
2020-07-04 23:00:00,25.2,0,0
2020-07-05 00:00:00,25.2,0,0
2020-07-05 01:00:00,22.5,0,0
2020-07-05 02:00:00,22.3,0,0
2020-07-05 03:00:00,21.9,0,0
2020-07-05 04:00:00,21.9,0,0
2020-07-05 05:00:00,21.8,0,0
2020-07-05 06:00:00,22.3,0,0
2020-07-05 07:00:00,24.9,0,78.75
2020-07-05 08:00:00,26.8,0,147.2
2020-07-05 09:00:00,28.8,0,489.6
2020-07-05 10:00:00,30.1,0,626.6
2020-07-05 11:00:00,31.3,0,736.2
2020-07-05 12:00:00,32.8,0,983
2020-07-05 13:00:00,32.1,0,1065
2020-07-05 14:00:00,32.3,0,270.5
2020-07-05 15:00:00,29.3,0,1010
2020-07-05 16:00:00,28.4,0,147.3
2020-07-05 17:00:00,26.4,2.29,78.76
2020-07-05 18:00:00,26.3,1.02,119.8
2020-07-05 19:00:00,27.1,0,65.06
2020-07-05 20:00:00,25,0,23.97
2020-07-05 21:00:00,23.5,0,0
2020-07-05 22:00:00,23.4,0,0
2020-07-05 23:00:00,22,0,0
2020-07-06 00:00:00,21.9,0,0
2020-07-06 01:00:00,21.6,0,0
2020-07-06 02:00:00,21.4,0,0
2020-07-06 03:00:00,20.3,0,0
2020-07-06 04:00:00,19.6,0,0
2020-07-06 05:00:00,19.3,0,0
2020-07-06 06:00:00,20.4,0,0
2020-07-06 07:00:00,23.2,0,106.1
2020-07-06 08:00:00,25.6,0,188.3
2020-07-06 09:00:00,26.5,0,462.2
2020-07-06 10:00:00,28.1,0,681.4
2020-07-06 11:00:00,28.7,0,873
2020-07-06 12:00:00,29.7,0,407.5
2020-07-06 13:00:00,30.9,0,942
2020-07-06 14:00:00,31.4,0,928
2020-07-06 15:00:00,30.6,0,860
2020-07-06 16:00:00,28.8,0,544.5
2020-07-06 17:00:00,27.9,0,339
2020-07-06 18:00:00,27.8,0,297.9
2020-07-06 19:00:00,26.4,0,297.9
2020-07-06 20:00:00,25,0,37.67
2020-07-06 21:00:00,23.9,0,0
2020-07-06 22:00:00,23.6,0,0
2020-07-06 23:00:00,23.2,0,0
2020-07-07 00:00:00,22.6,0,0
2020-07-07 01:00:00,22,0,0
2020-07-07 02:00:00,21.5,0,0
2020-07-07 03:00:00,21.1,0,0
2020-07-07 04:00:00,21.1,0,0
2020-07-07 05:00:00,21.3,0,0
2020-07-07 06:00:00,21.8,0,0
2020-07-07 07:00:00,22.7,0,37.66
2020-07-07 08:00:00,24.7,0,188.3
2020-07-07 09:00:00,25.9,0,243.1
2020-07-07 10:00:00,26.5,0,202
2020-07-07 11:00:00,24.3,0,243.1
2020-07-07 12:00:00,22.6,0,119.8
2020-07-07 13:00:00,22.6,1.52,78.75
2020-07-07 14:00:00,23.2,1.78,106.1
2020-07-07 15:00:00,23.6,0.51,202
2020-07-07 16:00:00,23.3,0.25,119.8
2020-07-07 17:00:00,23.9,0.25,147.2
2020-07-07 18:00:00,23.8,0,256.8
2020-07-07 19:00:00,23.5,0,92.4
2020-07-07 20:00:00,22.8,0,23.97
2020-07-07 21:00:00,22.1,0,0
2020-07-07 22:00:00,21.8,0,0
2020-07-07 23:00:00,22.1,0,0
2020-07-08 00:00:00,22.1,0,0
2020-07-08 01:00:00,22,MV
2020-07-08 02:00:00,22,0,0
2020-07-08 03:00:00,21.7,0,0
2020-07-08 04:00:00,21.7,0,0
2020-07-08 05:00:00,21.6,0,0
2020-07-08 06:00:00,22.2,0.25,0
2020-07-08 07:00:00,23.1,0,78.75
2020-07-08 08:00:00,24.8,0,119.8
2020-07-08 09:00:00,24.5,0,297.9
2020-07-08 10:00:00,26,0,160.9
2020-07-08 11:00:00,27.9,0,681.4
2020-07-08 12:00:00,26.9,0,736.2
2020-07-08 13:00:00,26.8,0,215.7
2020-07-08 14:00:00,30.1,0,749.9
2020-07-08 15:00:00,30.3,0,229.4
2020-07-08 16:00:00,28.5,0,873
2020-07-08 17:00:00,26.8,0,188.3
2020-07-08 18:00:00,23.2,0,119.8
2020-07-08 19:00:00,24,0.51,78.75
2020-07-08 20:00:00,22.7,0,37.66
2020-07-08 21:00:00,22.9,0,0
2020-07-08 22:00:00,22.5,0,0
2020-07-08 23:00:00,22.6,0,0
2020-07-09 00:00:00,22.6,0,0
2020-07-09 01:00:00,22.9,0,0
2020-07-09 02:00:00,22.8,0,0
2020-07-09 03:00:00,22.6,0,0
2020-07-09 04:00:00,22.5,0,0
2020-07-09 05:00:00,22.5,0,0
2020-07-09 06:00:00,22.6,0,0
2020-07-09 07:00:00,23.2,0.25,65.06
2020-07-09 08:00:00,24.3,0,78.75
2020-07-09 09:00:00,26,0,229.4
2020-07-09 10:00:00,26.3,0,243.1
2020-07-09 11:00:00,28.1,0,174.6
2020-07-09 12:00:00,27.8,0,434.8
2020-07-09 13:00:00,28.9,0,407.5
2020-07-09 14:00:00,29.6,0,311.6
2020-07-09 15:00:00,30.4,0,1051
2020-07-09 16:00:00,30.1,0,667.7
2020-07-09 17:00:00,29.6,0,654.1
2020-07-09 18:00:00,28.7,0,434.9
2020-07-09 19:00:00,22.8,0,243.1
2020-07-09 20:00:00,22.6,3.05,37.66
2020-07-09 21:00:00,22.6,0,0
2020-07-09 22:00:00,22,0.76,0
2020-07-09 23:00:00,21.6,0,0
2020-07-10 00:00:00,22,0,0
2020-07-10 01:00:00,22.2,0,0
2020-07-10 02:00:00,22.4,0,0
2020-07-10 03:00:00,21.8,0,0
2020-07-10 04:00:00,21.4,0,0
2020-07-10 05:00:00,21.6,0,0
2020-07-10 06:00:00,22.4,0,0
2020-07-10 07:00:00,24.3,0,106.1
2020-07-10 08:00:00,25.8,0,263.6
2020-07-10 09:00:00,28,0,256.8
2020-07-10 10:00:00,28.1,0,722.5
2020-07-10 11:00:00,29.7,0,380.1
2020-07-10 12:00:00,30.5,0,818
2020-07-10 13:00:00,31.1,0,1065
2020-07-10 14:00:00,32.3,0,1188
2020-07-10 15:00:00,32.5,0,1038
2020-07-10 16:00:00,32.7,0,818
2020-07-10 17:00:00,30.8,0,702
2020-07-10 18:00:00,31.2,0,448.6
2020-07-10 19:00:00,29.5,0,229.4
2020-07-10 20:00:00,27.5,0,0
2020-07-10 21:00:00,24.5,0,0
2020-07-10 22:00:00,21,0,0
2020-07-10 23:00:00,21.4,28.96,0
2020-07-11 00:00:00,21.1,0,0
2020-07-11 01:00:00,21.3,0,0
2020-07-11 02:00:00,21.4,0.25,0
2020-07-11 03:00:00,21.1,0,0
2020-07-11 04:00:00,21.2,0,0
2020-07-11 05:00:00,21.2,0,0
2020-07-11 06:00:00,21.2,0,0
2020-07-11 07:00:00,22,0,37.66
2020-07-11 08:00:00,24.7,0,284.2
2020-07-11 09:00:00,27.1,0,462.2
2020-07-11 10:00:00,28.5,0,667.7
2020-07-11 11:00:00,29.3,0,846
2020-07-11 12:00:00,30.3,0,955
2020-07-11 13:00:00,30.7,0,1024
2020-07-11 14:00:00,30.5,0,236.3
2020-07-11 15:00:00,31.2,0,1051
2020-07-11 16:00:00,32,0,914
2020-07-11 17:00:00,31,0,667.8
2020-07-11 18:00:00,30.9,0,448.6
2020-07-11 19:00:00,30.3,0,188.4
2020-07-11 20:00:00,26.2,0,65.07
2020-07-11 21:00:00,24.3,0,0
2020-07-11 22:00:00,24.3,0,0
2020-07-11 23:00:00,24,0,0
2020-07-12 00:00:00,23.2,0,0
2020-07-12 01:00:00,22.5,0,0
2020-07-12 02:00:00,22.8,0,0
2020-07-12 03:00:00,22.3,0,0
2020-07-12 04:00:00,20.9,0,0
2020-07-12 05:00:00,21.7,0,0
2020-07-12 06:00:00,22,0,0
2020-07-12 07:00:00,25.1,0,78.75
2020-07-12 08:00:00,27.5,0,270.5
2020-07-12 09:00:00,28.6,0,475.9
2020-07-12 10:00:00,30.3,0,667.7
2020-07-12 11:00:00,30.2,0,202
2020-07-12 12:00:00,31.2,0,955
2020-07-12 13:00:00,31.8,0,846
2020-07-12 14:00:00,32,0,1017
2020-07-12 15:00:00,31.9,0,928
2020-07-12 16:00:00,32.1,0,797.9
2020-07-12 17:00:00,31.9,0,640.4
2020-07-12 18:00:00,31.4,0,510.3
2020-07-12 19:00:00,30.4,0,188.4
2020-07-12 20:00:00,28.3,0,78.77
2020-07-12 21:00:00,27.2,0,0
2020-07-12 22:00:00,26.3,0,0
2020-07-12 23:00:00,24.8,0,0
2020-07-13 00:00:00,23.6,0,0
2020-07-13 01:00:00,22.7,0,0
2020-07-13 02:00:00,22.2,0,0
2020-07-13 03:00:00,21.3,1.02,0
2020-07-13 04:00:00,20.8,0.25,0
2020-07-13 05:00:00,20.6,0,0
2020-07-13 06:00:00,20.6,0,0
2020-07-13 07:00:00,23.1,0,37.66
2020-07-13 08:00:00,24.9,0.25,339
2020-07-13 09:00:00,27,0,352.7
2020-07-13 10:00:00,29.4,0,489.6
2020-07-13 11:00:00,30.8,0,825
2020-07-13 12:00:00,31,0,969
2020-07-13 13:00:00,32.3,0,1134
2020-07-13 14:00:00,31.1,0,942
2020-07-13 15:00:00,29.2,0,640.4
2020-07-13 16:00:00,27,0,174.7
2020-07-13 17:00:00,28.8,0,106.2
2020-07-13 18:00:00,29.2,0,407.5
2020-07-13 19:00:00,27.9,0,202
2020-07-13 20:00:00,25.4,0,65.07
2020-07-13 21:00:00,23.7,0,0
2020-07-13 22:00:00,23.4,0,0
2020-07-13 23:00:00,22.1,0,0
2020-07-14 00:00:00,21.8,0,0
2020-07-14 01:00:00,21.3,0,0
2020-07-14 02:00:00,20.9,0,0
2020-07-14 03:00:00,20.7,0,0
2020-07-14 04:00:00,20.5,0,0
2020-07-14 05:00:00,20.8,0,0
2020-07-14 06:00:00,21.3,0,0
2020-07-14 07:00:00,24.3,0,92.4
2020-07-14 08:00:00,26.4,0,229.4
2020-07-14 09:00:00,28,0,462.2
2020-07-14 10:00:00,29.8,0,654
2020-07-14 11:00:00,30.8,0,818
2020-07-14 12:00:00,32.1,0,955
2020-07-14 13:00:00,32.1,0,1051
2020-07-14 14:00:00,31.9,0,339
2020-07-14 15:00:00,31.6,0,256.8
2020-07-14 16:00:00,33.7,0,181.5
2020-07-14 17:00:00,32.5,0,667.8
2020-07-14 18:00:00,31.2,0,414.4
2020-07-14 19:00:00,30.6,0,106.2
2020-07-14 20:00:00,27.9,0,78.77
2020-07-14 21:00:00,25.9,0,0
2020-07-14 22:00:00,24.9,0,0
2020-07-14 23:00:00,24.3,0,0
2020-07-15 00:00:00,24.1,0,0
2020-07-15 01:00:00,23.2,0,0
2020-07-15 02:00:00,22.7,0,0
2020-07-15 03:00:00,22.5,0,0
2020-07-15 04:00:00,22.9,0,0
2020-07-15 05:00:00,22.3,0,0
2020-07-15 06:00:00,22.3,0,0
2020-07-15 07:00:00,25.4,0,78.75
2020-07-15 08:00:00,27.6,0,243.1
2020-07-15 09:00:00,29.7,0,448.5
2020-07-15 10:00:00,30.9,0,640.3
2020-07-15 11:00:00,32.7,0,708.9
2020-07-15 12:00:00,31.9,0,1079
2020-07-15 13:00:00,28.2,0,380.1
2020-07-15 14:00:00,23.6,0,133.6
2020-07-15 15:00:00,25.1,0,119.8
2020-07-15 16:00:00,27.8,0,119.8
2020-07-15 17:00:00,30.5,0,208.9
2020-07-15 18:00:00,31.2,0,297.9
2020-07-15 19:00:00,28.7,0,161
2020-07-15 20:00:00,26.4,0,51.37
2020-07-15 21:00:00,25.3,0,0
2020-07-15 22:00:00,24.6,0,0
2020-07-15 23:00:00,24,0,0
2020-07-16 00:00:00,23.5,0,0
2020-07-16 01:00:00,22.7,0,0
2020-07-16 02:00:00,22.4,0,0
2020-07-16 03:00:00,22.8,0,0
2020-07-16 04:00:00,21.8,0,0
2020-07-16 05:00:00,22.2,0,0
2020-07-16 06:00:00,22.6,0,0
2020-07-16 07:00:00,24.2,0,78.75
2020-07-16 08:00:00,25,0,256.8
2020-07-16 09:00:00,26.3,0,462.2
2020-07-16 10:00:00,28.8,0,270.5
2020-07-16 11:00:00,28.9,0,462.2
2020-07-16 12:00:00,30.8,0,243.1
2020-07-16 13:00:00,29.8,0,997
2020-07-16 14:00:00,29.6,0,407.5
2020-07-16 15:00:00,30.1,0,763.6
2020-07-16 16:00:00,29.9,0,352.7
2020-07-16 17:00:00,30.6,0,777.4
2020-07-16 18:00:00,30.9,0,407.5
2020-07-16 19:00:00,29.8,0,202.1
2020-07-16 20:00:00,26.8,0,51.37
2020-07-16 21:00:00,26.1,0,0
2020-07-16 22:00:00,24.5,0,0
2020-07-16 23:00:00,24.7,0,0
2020-07-17 00:00:00,24,0,0
2020-07-17 01:00:00,23.1,0,0
2020-07-17 02:00:00,22.7,0,0
2020-07-17 03:00:00,22.4,0,0
2020-07-17 04:00:00,22,0,0
2020-07-17 05:00:00,21.7,0,0
2020-07-17 06:00:00,21.9,0,0
2020-07-17 07:00:00,23.9,0,78.75
2020-07-17 08:00:00,26.4,0,202
2020-07-17 09:00:00,28.1,0,434.8
2020-07-17 10:00:00,29.6,0,626.6
2020-07-17 11:00:00,31.1,0,791
2020-07-17 12:00:00,31.8,0,901
2020-07-17 13:00:00,32.8,0,969
2020-07-17 14:00:00,34.1,0,380.1
2020-07-17 15:00:00,33.9,0,969
2020-07-17 16:00:00,32.4,0,818
2020-07-17 17:00:00,32.8,0,270.5
2020-07-17 18:00:00,31.8,0,407.5
2020-07-17 19:00:00,23.9,0,78.77
2020-07-17 20:00:00,23.7,0,0
2020-07-17 21:00:00,21.9,0,0
2020-07-17 22:00:00,21.8,0.51,0
2020-07-17 23:00:00,21.5,1.52,0
2020-07-18 00:00:00,20.9,0,0
2020-07-18 01:00:00,21,0,0
2020-07-18 02:00:00,20.9,0,0
2020-07-18 03:00:00,21.1,0,0
2020-07-18 04:00:00,21,0.25,0
2020-07-18 05:00:00,21,0,0
2020-07-18 06:00:00,21.1,0,0
2020-07-18 07:00:00,22,0,37.66
2020-07-18 08:00:00,24.9,0,106.1
2020-07-18 09:00:00,26.7,0,612.9
2020-07-18 10:00:00,29.1,0,325.3
2020-07-18 11:00:00,30.4,0,805
2020-07-18 12:00:00,31.4,0,887
2020-07-18 13:00:00,32.1,0,997
2020-07-18 14:00:00,31.1,0,1120
2020-07-18 15:00:00,32.1,0,1024
2020-07-18 16:00:00,31.7,0,818
2020-07-18 17:00:00,31.7,0,243.1
2020-07-18 18:00:00,28.8,0,407.5
2020-07-18 19:00:00,26.4,0,37.67
2020-07-18 20:00:00,24.8,0,0
2020-07-18 21:00:00,24.6,0,0
2020-07-18 22:00:00,23.8,0,0
2020-07-18 23:00:00,23.3,0,0
2020-07-19 00:00:00,22.2,0,0
2020-07-19 01:00:00,21.7,0,0
2020-07-19 02:00:00,22,0,0
2020-07-19 03:00:00,21.7,0,0
2020-07-19 04:00:00,21.3,0,0
2020-07-19 05:00:00,21.4,0,0
2020-07-19 06:00:00,22.3,0,0
2020-07-19 07:00:00,24.2,0,78.75
2020-07-19 08:00:00,26.5,0,243.1
2020-07-19 09:00:00,28.3,0,448.5
2020-07-19 10:00:00,30.1,0,640.3
2020-07-19 11:00:00,31.7,0,805
2020-07-19 12:00:00,32.8,0,928
2020-07-19 13:00:00,33.2,0,1051
2020-07-19 14:00:00,34.8,0,393.8
2020-07-19 15:00:00,34.4,0,990
2020-07-19 16:00:00,34.8,0,818
2020-07-19 17:00:00,34.3,0,352.7
2020-07-19 18:00:00,33.5,0,421.2
2020-07-19 19:00:00,31.1,0,202.1
2020-07-19 20:00:00,29.4,0,0
2020-07-19 21:00:00,28.2,0,0
2020-07-19 22:00:00,27.5,0,0
2020-07-19 23:00:00,26.1,0,0
2020-07-20 00:00:00,25.9,0,0
2020-07-20 01:00:00,25.4,0,0
2020-07-20 02:00:00,24.8,0,0
2020-07-20 03:00:00,25,0,0
2020-07-20 04:00:00,24.6,0,0
2020-07-20 05:00:00,24.1,0,0
2020-07-20 06:00:00,24.1,0,0
2020-07-20 07:00:00,26.4,0,78.75
2020-07-20 08:00:00,27.7,0,297.9
2020-07-20 09:00:00,29.5,0,462.2
2020-07-20 10:00:00,30.8,0,660.9
2020-07-20 11:00:00,32.6,0,791.1
2020-07-20 12:00:00,34.2,0,421.2
2020-07-20 13:00:00,33.7,0,1010
2020-07-20 14:00:00,35.2,0,215.7
2020-07-20 15:00:00,33.7,0,955
2020-07-20 16:00:00,24.8,0,202.1
2020-07-20 17:00:00,23.2,14.99,37.67
2020-07-20 18:00:00,23.4,8.38,23.97
2020-07-20 19:00:00,23.3,0,23.97
2020-07-20 20:00:00,23.4,0,0
2020-07-20 21:00:00,23.5,0,0
2020-07-20 22:00:00,23.3,0,0
2020-07-20 23:00:00,23.4,0,0
2020-07-21 00:00:00,22.9,0,0
2020-07-21 01:00:00,23.1,0,0
2020-07-21 02:00:00,22.9,0,0
2020-07-21 03:00:00,22.8,0,0
2020-07-21 04:00:00,22.9,0,0
2020-07-21 05:00:00,22.8,0,0
2020-07-21 06:00:00,23,0,0
2020-07-21 07:00:00,24.6,0,78.75
2020-07-21 08:00:00,26.4,0,236.3
2020-07-21 09:00:00,28.3,0,434.8
2020-07-21 10:00:00,29.9,0,633.5
2020-07-21 11:00:00,30.9,0,797.9
2020-07-21 12:00:00,31.9,0,914
2020-07-21 13:00:00,32.6,0,1147
2020-07-21 14:00:00,32.8,0,1079
2020-07-21 15:00:00,30.8,0,935
2020-07-21 16:00:00,26.1,0,188.4
2020-07-21 17:00:00,29.3,6.1,681.5
2020-07-21 18:00:00,29,0,530.8
2020-07-21 19:00:00,27.7,0,58.22
2020-07-21 20:00:00,26.1,0,0
2020-07-21 21:00:00,25.5,0,0
2020-07-21 22:00:00,24.4,0,0
2020-07-21 23:00:00,23.3,0,0
2020-07-22 00:00:00,23,0,0
2020-07-22 01:00:00,22.9,0,0
2020-07-22 02:00:00,21.8,0,0
2020-07-22 03:00:00,21.4,0,0
2020-07-22 04:00:00,21,0,0
2020-07-22 05:00:00,21.3,0,0
2020-07-22 06:00:00,21.6,0,0
2020-07-22 07:00:00,23.6,0,92.4
2020-07-22 08:00:00,25.8,0,243.1
2020-07-22 09:00:00,28.2,0,462.2
2020-07-22 10:00:00,29.2,0,660.8
2020-07-22 11:00:00,30.5,0,839
2020-07-22 12:00:00,31.5,0,997
2020-07-22 13:00:00,32.2,0,1065
2020-07-22 14:00:00,32.4,0,1051
2020-07-22 15:00:00,32.6,0,1010
2020-07-22 16:00:00,32.7,0,901
2020-07-22 17:00:00,33.1,0,654.1
2020-07-22 18:00:00,32.2,0,434.9
2020-07-22 19:00:00,30.2,0,202.1
2020-07-22 20:00:00,28,0,0
2020-07-22 21:00:00,27.2,0,0
2020-07-22 22:00:00,26.3,0,0
2020-07-22 23:00:00,25.8,0,0
2020-07-23 00:00:00,25,0,0
2020-07-23 01:00:00,24.5,0,0
2020-07-23 02:00:00,24.1,0,0
2020-07-23 03:00:00,23.7,0,0
2020-07-23 04:00:00,23.3,0,0
2020-07-23 05:00:00,23,0,0
2020-07-23 06:00:00,23.1,0,0
2020-07-23 07:00:00,25.1,0,78.75
2020-07-23 08:00:00,27.3,0,243.1
2020-07-23 09:00:00,28.6,0,448.5
2020-07-23 10:00:00,30.4,0,599.2
2020-07-23 11:00:00,31,0,887
2020-07-23 12:00:00,31.7,0,681.5
2020-07-23 13:00:00,32.4,0,1010
2020-07-23 14:00:00,32.7,0,1079
2020-07-23 15:00:00,32.1,0,942
2020-07-23 16:00:00,28.8,0,476
2020-07-23 17:00:00,30.3,0.51,297.9
2020-07-23 18:00:00,25.9,0,92.5
2020-07-23 19:00:00,22.8,0,23.97
2020-07-23 20:00:00,22.5,1.78,0
2020-07-23 21:00:00,22.3,1.78,0
2020-07-23 22:00:00,22.3,0.76,0
2020-07-23 23:00:00,22.1,0,0
2020-07-24 00:00:00,21.8,1.27,0
2020-07-24 01:00:00,21.8,0.51,0
2020-07-24 02:00:00,21.3,0,0
2020-07-24 03:00:00,21,0,0
2020-07-24 04:00:00,21,0,0
2020-07-24 05:00:00,20.8,0,0
2020-07-24 06:00:00,21,0,0
2020-07-24 07:00:00,21,0,37.66
2020-07-24 08:00:00,22.2,0,51.36
2020-07-24 09:00:00,25.4,0,229.4
2020-07-24 10:00:00,26.4,0,722.5
2020-07-24 11:00:00,28.5,0,448.5
2020-07-24 12:00:00,28.9,0,749.9
2020-07-24 13:00:00,30.4,0,585.6
2020-07-24 14:00:00,31.1,0,208.9
2020-07-24 15:00:00,32.1,0,901
2020-07-24 16:00:00,31.2,0,805
2020-07-24 17:00:00,28.9,0,174.7
2020-07-24 18:00:00,23.9,0,37.67
2020-07-24 19:00:00,21.4,0,0
2020-07-24 20:00:00,21.2,18.54,0
2020-07-24 21:00:00,21.1,0,0
2020-07-24 22:00:00,21.3,0.25,0
2020-07-24 23:00:00,21.3,0,0
2020-07-25 00:00:00,21.2,0,0
2020-07-25 01:00:00,21,0,0
2020-07-25 02:00:00,20.9,0,0
2020-07-25 03:00:00,20.8,0,0
2020-07-25 04:00:00,20.8,0,0
2020-07-25 05:00:00,20.5,0,0
2020-07-25 06:00:00,20.8,0,0
2020-07-25 07:00:00,22.4,0,92.4
2020-07-25 08:00:00,23.7,0,366.4
2020-07-25 09:00:00,24.4,0,297.9
2020-07-25 10:00:00,26,0,421.2
2020-07-25 11:00:00,27.7,0,654
2020-07-25 12:00:00,29.6,0,763.6
2020-07-25 13:00:00,30.2,0,955
2020-07-25 14:00:00,31.1,0,297.9
2020-07-25 15:00:00,31.9,0,839
2020-07-25 16:00:00,32.2,0,797.9
2020-07-25 17:00:00,31.7,0,530.8
2020-07-25 18:00:00,30.4,0,133.6
2020-07-25 19:00:00,28.5,0,202.1
2020-07-25 20:00:00,27,0,23.97
2020-07-25 21:00:00,25.9,0,0
2020-07-25 22:00:00,24.9,0,0
2020-07-25 23:00:00,23.9,0,0
2020-07-26 00:00:00,23.2,0,0
2020-07-26 01:00:00,23,0,0
2020-07-26 02:00:00,22.4,0,0
2020-07-26 03:00:00,21.7,0,0
2020-07-26 04:00:00,21.4,0,0
2020-07-26 05:00:00,21.2,0,0
2020-07-26 06:00:00,21.3,0,0
2020-07-26 07:00:00,23.2,0,71.9
2020-07-26 08:00:00,25.8,0,236.3
2020-07-26 09:00:00,27.5,0,434.8
2020-07-26 10:00:00,29.2,0,640.3
2020-07-26 11:00:00,30.4,0,805
2020-07-26 12:00:00,31,0,921
2020-07-26 13:00:00,32.2,0,983
2020-07-26 14:00:00,31.3,0,606.2
2020-07-26 15:00:00,31.8,0,640.4
2020-07-26 16:00:00,32.5,0,352.7
2020-07-26 17:00:00,30.8,0,640.4
2020-07-26 18:00:00,31.2,0,174.7
2020-07-26 19:00:00,29.9,0,229.4
2020-07-26 20:00:00,27.7,0,51.37
2020-07-26 21:00:00,26.7,0,0
2020-07-26 22:00:00,26.3,0,0
2020-07-26 23:00:00,25.4,0,0
2020-07-27 00:00:00,24.6,0,0
2020-07-27 01:00:00,24.2,0,0
2020-07-27 02:00:00,23.9,0,0
2020-07-27 03:00:00,23.4,0,0
2020-07-27 04:00:00,23,0,0
2020-07-27 05:00:00,22.8,0,0
2020-07-27 06:00:00,22.8,0,0
2020-07-27 07:00:00,24.6,0,78.75
2020-07-27 08:00:00,26.6,0,229.4
2020-07-27 09:00:00,28.6,0,441.7
2020-07-27 10:00:00,30.1,0,640.3
2020-07-27 11:00:00,31.2,0,805
2020-07-27 12:00:00,32.1,0,928
2020-07-27 13:00:00,33.1,0,997
2020-07-27 14:00:00,33.6,0,990
2020-07-27 15:00:00,33,0,969
2020-07-27 16:00:00,33.5,0,161
2020-07-27 17:00:00,32.8,0,571.9
2020-07-27 18:00:00,31.2,0,215.7
2020-07-27 19:00:00,28.9,0,78.77
2020-07-27 20:00:00,27.1,0,51.37
2020-07-27 21:00:00,27,0,0
2020-07-27 22:00:00,25.9,0,0
2020-07-27 23:00:00,25.7,0,0
2020-07-28 00:00:00,25.1,0,0
2020-07-28 01:00:00,24.7,0,0
2020-07-28 02:00:00,24.3,0,0
2020-07-28 03:00:00,23.3,0,0
2020-07-28 04:00:00,22.9,0,0
2020-07-28 05:00:00,22.9,0,0
2020-07-28 06:00:00,22.9,0,0
2020-07-28 07:00:00,25,0,78.75
2020-07-28 08:00:00,27.6,0,229.4
2020-07-28 09:00:00,29.3,0,434.8
2020-07-28 10:00:00,30.6,0,626.6
2020-07-28 11:00:00,32,0,791.1
2020-07-28 12:00:00,32.6,0,914
2020-07-28 13:00:00,33.5,0,1038
2020-07-28 14:00:00,34,0,174.7
2020-07-28 15:00:00,34.3,0,942
2020-07-28 16:00:00,33.3,0,860
2020-07-28 17:00:00,34.1,0,695.2
2020-07-28 18:00:00,29.5,0,133.6
2020-07-28 19:00:00,28.4,0,188.4
2020-07-28 20:00:00,27.2,0,37.67
2020-07-28 21:00:00,25.3,0,0
2020-07-28 22:00:00,23.9,0,0
2020-07-28 23:00:00,23.6,0,0
2020-07-29 00:00:00,23.2,0,0
2020-07-29 01:00:00,23.2,0,0
2020-07-29 02:00:00,22.9,0,0
2020-07-29 03:00:00,22.9,0.25,0
2020-07-29 04:00:00,22.8,0.76,0
2020-07-29 05:00:00,22.7,0.51,0
2020-07-29 06:00:00,22.6,0.25,0
2020-07-29 07:00:00,23.2,0,51.36
2020-07-29 08:00:00,24.1,0,106.1
2020-07-29 09:00:00,25.3,0,147.2
2020-07-29 10:00:00,26.5,0,243.1
2020-07-29 11:00:00,28,0,243.1
2020-07-29 12:00:00,30,0,1024
2020-07-29 13:00:00,31.2,0,229.4
2020-07-29 14:00:00,30.5,0,1038
2020-07-29 15:00:00,25.8,0,106.2
2020-07-29 16:00:00,25.5,0,51.37
2020-07-29 17:00:00,27.4,0,270.5
2020-07-29 18:00:00,27.3,0,297.9
2020-07-29 19:00:00,25.9,0,113
2020-07-29 20:00:00,24.4,0,0
2020-07-29 21:00:00,23.7,0,0
2020-07-29 22:00:00,23.4,0,0
2020-07-29 23:00:00,23.1,0,0
2020-07-30 00:00:00,22.8,0,0
2020-07-30 01:00:00,22.5,0,0
2020-07-30 02:00:00,22.2,0,0
2020-07-30 03:00:00,22.4,0,0
2020-07-30 04:00:00,22.5,0,0
2020-07-30 05:00:00,22.6,0,0
2020-07-30 06:00:00,22.7,0,0
2020-07-30 07:00:00,23,0,23.97
2020-07-30 08:00:00,22.8,0,51.36
2020-07-30 09:00:00,23.7,0,78.75
2020-07-30 10:00:00,25.1,0,215.7
2020-07-30 11:00:00,25.5,0,215.7
2020-07-30 12:00:00,28.9,0,188.3
2020-07-30 13:00:00,30,0,530.7
2020-07-30 14:00:00,30,0,1086
2020-07-30 15:00:00,30.3,0,1065
2020-07-30 16:00:00,30.6,0,366.4
2020-07-30 17:00:00,30.3,0,667.8
2020-07-30 18:00:00,29.4,0,393.8
2020-07-30 19:00:00,27.8,0,188.4
2020-07-30 20:00:00,26.9,0,0
2020-07-30 21:00:00,26.1,0,0
2020-07-30 22:00:00,25.8,0,0
2020-07-30 23:00:00,25.4,0,0
2020-07-31 00:00:00,25,0,0
2020-07-31 01:00:00,24.8,0,0
2020-07-31 02:00:00,24.2,0,0
2020-07-31 03:00:00,23.5,0,0
2020-07-31 04:00:00,23.2,0,0
2020-07-31 05:00:00,22.9,0,0
2020-07-31 06:00:00,22.8,0,0
2020-07-31 07:00:00,23.7,0,78.75
2020-07-31 08:00:00,25.5,0,133.5
2020-07-31 09:00:00,27.8,0,147.2
2020-07-31 10:00:00,29.2,0,407.5
2020-07-31 11:00:00,30.7,0,942
2020-07-31 12:00:00,31.9,0,962
2020-07-31 13:00:00,32.5,0,1106
2020-07-31 14:00:00,32.7,0,983
2020-07-31 15:00:00,32.6,0,161
2020-07-31 16:00:00,33.9,0,188.4
2020-07-31 17:00:00,33.4,0,585.6
2020-07-31 18:00:00,32.7,0,407.5
2020-07-31 19:00:00,31.1,0,65.07
2020-07-31 20:00:00,29.7,0,0
2020-07-31 21:00:00,28.8,0,0
2020-07-31 22:00:00,28.3,0,0
2020-07-31 23:00:00,27.6,0,0
2020-08-01 00:00:00,26.7,0,0
2020-08-01 01:00:00,24.5,0,0
2020-08-01 02:00:00,23.5,0,0
2020-08-01 03:00:00,23.1,0,0
2020-08-01 04:00:00,23,0,0
2020-08-01 05:00:00,22.9,0,0
2020-08-01 06:00:00,22.6,0,0
2020-08-01 07:00:00,25.5,0,65.06
2020-08-01 08:00:00,27.3,0,188.3
2020-08-01 09:00:00,28.5,0,434.9
2020-08-01 10:00:00,29.9,0,640.4
2020-08-01 11:00:00,31.1,0,571.9
2020-08-01 12:00:00,31.7,0,928
2020-08-01 13:00:00,33.1,0,997
2020-08-01 14:00:00,33.3,0,243.1
2020-08-01 15:00:00,32.7,0,434.9
2020-08-01 16:00:00,32.4,0,256.8
2020-08-01 17:00:00,30.5,0,448.6
2020-08-01 18:00:00,29.1,0,256.8
2020-08-01 19:00:00,27.3,0,106.2
2020-08-01 20:00:00,25.7,0,37.67
2020-08-01 21:00:00,24.8,0,0
2020-08-01 22:00:00,24.3,0,0
2020-08-01 23:00:00,24.1,0,0
2020-08-02 00:00:00,23.8,0,0
2020-08-02 01:00:00,23.5,0,0
2020-08-02 02:00:00,23.1,0,0
2020-08-02 03:00:00,23.1,0,0
2020-08-02 04:00:00,23.3,0,0
2020-08-02 05:00:00,23.3,0,0
2020-08-02 06:00:00,23.4,0,0
2020-08-02 07:00:00,24.4,0,37.66
2020-08-02 08:00:00,26.1,0,202
2020-08-02 09:00:00,28.7,0,352.7
2020-08-02 10:00:00,30.2,0,626.6
2020-08-02 11:00:00,31.7,0,791.1
2020-08-02 12:00:00,31.5,0,1024
2020-08-02 13:00:00,32.8,0,1106
2020-08-02 14:00:00,33.2,0,1024
2020-08-02 15:00:00,33.5,0,969
2020-08-02 16:00:00,33.5,0,791.1
2020-08-02 17:00:00,32.9,0,578.8
2020-08-02 18:00:00,32,0,380.1
2020-08-02 19:00:00,30.3,0,167.8
2020-08-02 20:00:00,28.7,0,23.97
2020-08-02 21:00:00,27.5,0,0
2020-08-02 22:00:00,26.7,0,0
2020-08-02 23:00:00,25.8,0,0
2020-08-03 00:00:00,25.1,0,0
2020-08-03 01:00:00,24.3,0,0
2020-08-03 02:00:00,23.5,0,0
2020-08-03 03:00:00,23.2,0,0
2020-08-03 04:00:00,22.5,0,0
2020-08-03 05:00:00,22.8,0,0
2020-08-03 06:00:00,23.2,0,0
2020-08-03 07:00:00,24,0,37.66
2020-08-03 08:00:00,25,0,78.75
2020-08-03 09:00:00,25,0,215.7
2020-08-03 10:00:00,23,5.33,448.5
2020-08-03 11:00:00,22.4,0,23.97
2020-08-03 12:00:00,24.4,0.51,78.75
2020-08-03 13:00:00,25.7,0.25,612.9
2020-08-03 14:00:00,26.4,0,339
2020-08-03 15:00:00,25.8,0,284.2
2020-08-03 16:00:00,25.1,0,202
2020-08-03 17:00:00,24,0,99.3
2020-08-03 18:00:00,22.6,0.25,58.21
2020-08-03 19:00:00,21.8,3.56,0
2020-08-03 20:00:00,21.3,5.33,0
2020-08-03 21:00:00,21.2,2.79,0
2020-08-03 22:00:00,21.1,0.51,0
2020-08-03 23:00:00,21,1.52,0
2020-08-04 00:00:00,20.7,4.57,0
2020-08-04 01:00:00,20.3,2.29,0
2020-08-04 02:00:00,20.2,1.02,0
2020-08-04 03:00:00,20.1,0.25,0
2020-08-04 04:00:00,19.9,0,0
2020-08-04 05:00:00,20.3,0,0
2020-08-04 06:00:00,20.5,0.25,0
2020-08-04 07:00:00,20.9,0,23.97
2020-08-04 08:00:00,22.1,0,160.9
2020-08-04 09:00:00,23.7,0,202
2020-08-04 10:00:00,25.5,0,147.2
2020-08-04 11:00:00,26.1,0,256.8
2020-08-04 12:00:00,27.7,0,955
2020-08-04 13:00:00,27.8,0,1120
2020-08-04 14:00:00,29.1,0,380.1
2020-08-04 15:00:00,28.9,0,983
2020-08-04 16:00:00,28.7,0,928
2020-08-04 17:00:00,29.8,0,140.4
2020-08-04 18:00:00,29,0,407.5
2020-08-04 19:00:00,27.5,0,181.5
2020-08-04 20:00:00,26.1,0,0
2020-08-04 21:00:00,24.9,0,0
2020-08-04 22:00:00,24.4,0,0
2020-08-04 23:00:00,23.8,0,0
2020-08-05 00:00:00,23.4,0,0
2020-08-05 01:00:00,22.9,0,0
2020-08-05 02:00:00,22.9,0,0
2020-08-05 03:00:00,22.9,0,0
2020-08-05 04:00:00,21.7,0,0
2020-08-05 05:00:00,21.6,0,0
2020-08-05 06:00:00,22.2,0,0
2020-08-05 07:00:00,23,0,0
2020-08-05 08:00:00,25.9,0,215.7
2020-08-05 09:00:00,26.4,0,284.2
2020-08-05 10:00:00,25.7,0,297.9
2020-08-05 11:00:00,28.1,0,517
2020-08-05 12:00:00,27.5,0,818
2020-08-05 13:00:00,28.1,0,489.7
2020-08-05 14:00:00,29,0,860
2020-08-05 15:00:00,29.8,0,503.4
2020-08-05 16:00:00,30.7,0,763.7
2020-08-05 17:00:00,29.5,0,517.1
2020-08-05 18:00:00,27.9,0,380.1
2020-08-05 19:00:00,26.3,0,106.2
2020-08-05 20:00:00,25.3,0,0
2020-08-05 21:00:00,24.7,0,0
2020-08-05 22:00:00,24.6,0,0
2020-08-05 23:00:00,23.9,0,0
2020-08-06 00:00:00,23.2,0,0
2020-08-06 01:00:00,22.9,0,0
2020-08-06 02:00:00,22.6,0,0
2020-08-06 03:00:00,22.6,0,0
2020-08-06 04:00:00,22.6,0,0
2020-08-06 05:00:00,22.6,0,0
2020-08-06 06:00:00,22.6,0,0
2020-08-06 07:00:00,22.9,0,37.66
2020-08-06 08:00:00,24,0,119.8
2020-08-06 09:00:00,26,0,147.2
2020-08-06 10:00:00,27.2,0,284.2
2020-08-06 11:00:00,29.1,0,174.6
2020-08-06 12:00:00,30.6,0,997
2020-08-06 13:00:00,30.8,0,1161
2020-08-06 14:00:00,29.9,0,695.2
2020-08-06 15:00:00,28,0,229.4
2020-08-06 16:00:00,27.1,0,928
2020-08-06 17:00:00,25.6,0,92.5
2020-08-06 18:00:00,26.4,0,78.76
2020-08-06 19:00:00,25.2,0,202
2020-08-06 20:00:00,23.8,0,23.97
2020-08-06 21:00:00,23,0,0
2020-08-06 22:00:00,23.5,0,0
2020-08-06 23:00:00,23.3,0,0
2020-08-07 00:00:00,22.4,0,0
2020-08-07 01:00:00,22.3,0,0
2020-08-07 02:00:00,21.4,0,0
2020-08-07 03:00:00,20.8,0,0
2020-08-07 04:00:00,20.5,0,0
2020-08-07 05:00:00,20.6,0,0
2020-08-07 06:00:00,20.9,0,0
2020-08-07 07:00:00,21.3,0,0
2020-08-07 08:00:00,23,0,65.06
2020-08-07 09:00:00,25.2,0,181.5
2020-08-07 10:00:00,25.7,0,503.3
2020-08-07 11:00:00,27.4,0,188.3
2020-08-07 12:00:00,29.1,0,448.6
2020-08-07 13:00:00,30.1,0,969
2020-08-07 14:00:00,29.6,0,380.1
2020-08-07 15:00:00,30.2,0,544.5
2020-08-07 16:00:00,29.5,0,626.7
2020-08-07 17:00:00,26.4,0,229.4
2020-08-07 18:00:00,26.3,0,106.2
2020-08-07 19:00:00,24.8,0,65.06
2020-08-07 20:00:00,23.3,0,0
2020-08-07 21:00:00,23.1,0,0
2020-08-07 22:00:00,22.8,0,0
2020-08-07 23:00:00,21.7,0,0
2020-08-08 00:00:00,21.3,3.56,0
2020-08-08 01:00:00,21,0,0
2020-08-08 02:00:00,20.8,0,0
2020-08-08 03:00:00,20.5,0,0
2020-08-08 04:00:00,20.5,0,0
2020-08-08 05:00:00,20.6,0.25,0
2020-08-08 06:00:00,20.8,0,0
2020-08-08 07:00:00,21,0,23.97
2020-08-08 08:00:00,21.9,0,78.75
2020-08-08 09:00:00,22.4,0,393.8
2020-08-08 10:00:00,24.3,0,195.2
2020-08-08 11:00:00,27,0,503.3
2020-08-08 12:00:00,28.6,0,887
2020-08-08 13:00:00,30.4,0,942
2020-08-08 14:00:00,30.7,0,1106
2020-08-08 15:00:00,30.3,0,352.7
2020-08-08 16:00:00,31.4,0,250
2020-08-08 17:00:00,31.3,0,571.9
2020-08-08 18:00:00,30.9,0,393.8
2020-08-08 19:00:00,28.4,0,MV
2020-08-08 20:00:00,27,0,0
2020-08-08 21:00:00,26.2,0,0
2020-08-08 22:00:00,25.1,0,0
2020-08-08 23:00:00,22,0,0
2020-08-09 00:00:00,21.5,24.13,0
2020-08-09 01:00:00,23.2,0.25,0
2020-08-09 02:00:00,22,0,0
2020-08-09 03:00:00,21.4,0,0
2020-08-09 04:00:00,21.1,8.64,0
2020-08-09 05:00:00,20.8,0.25,0
2020-08-09 06:00:00,20.6,0,0
2020-08-09 07:00:00,22.5,0,23.97
2020-08-09 08:00:00,25.2,0,202
2020-08-09 09:00:00,27.7,0,407.5
2020-08-09 10:00:00,29.4,0,612.9
2020-08-09 11:00:00,30.9,0,777.4
2020-08-09 12:00:00,32.3,0,983
2020-08-09 13:00:00,32.4,0,688.3
2020-08-09 14:00:00,31.9,0,1010
2020-08-09 15:00:00,28.4,0,1092
2020-08-09 16:00:00,29.4,0,297.9
2020-08-09 17:00:00,27.2,0,571.9
2020-08-09 18:00:00,27.3,0,78.77
2020-08-09 19:00:00,25.5,0,154.1
2020-08-09 20:00:00,24.7,0,0
2020-08-09 21:00:00,23.3,0,0
2020-08-09 22:00:00,23.3,1.78,0
2020-08-09 23:00:00,23.5,0,0
2020-08-10 00:00:00,23.1,0,0
2020-08-10 01:00:00,22.9,0,0
2020-08-10 02:00:00,22.7,0,0
2020-08-10 03:00:00,22.5,0,0
2020-08-10 04:00:00,22.4,0,0
2020-08-10 05:00:00,22.4,0,0
2020-08-10 06:00:00,22,0,0
2020-08-10 07:00:00,23.1,0,23.97
2020-08-10 08:00:00,24.9,0,147.2
2020-08-10 09:00:00,27.1,0,400.6
2020-08-10 10:00:00,28.8,0,722.5
2020-08-10 11:00:00,29.9,0,770.5
2020-08-10 12:00:00,31.5,0,887
2020-08-10 13:00:00,32.5,0,1024
2020-08-10 14:00:00,32.4,0,1038
2020-08-10 15:00:00,28.7,0,969
2020-08-10 16:00:00,25,0,147.3
2020-08-10 17:00:00,27.7,0,202.1
2020-08-10 18:00:00,27.2,0,421.2
2020-08-10 19:00:00,24.7,0,51.37
2020-08-10 20:00:00,23.4,0,0
2020-08-10 21:00:00,22.9,0,0
2020-08-10 22:00:00,22.4,0,0
2020-08-10 23:00:00,22.6,0,0
2020-08-11 00:00:00,22.6,0,0
2020-08-11 01:00:00,22.2,MV
2020-08-11 02:00:00,21.9,0,0
2020-08-11 03:00:00,21.2,0,0
2020-08-11 04:00:00,21,0,0
2020-08-11 05:00:00,21,0,0
2020-08-11 06:00:00,20.9,0,0
2020-08-11 07:00:00,21.2,0,23.97
2020-08-11 08:00:00,21.5,0,78.75
2020-08-11 09:00:00,22.8,0,202
2020-08-11 10:00:00,25.3,0,160.9
2020-08-11 11:00:00,27.3,0,558.1
2020-08-11 12:00:00,28.8,0,1038
2020-08-11 13:00:00,30,0,1010
2020-08-11 14:00:00,30.6,0,1127
2020-08-11 15:00:00,30.9,0,928
2020-08-11 16:00:00,31,0,818
2020-08-11 17:00:00,29,0,133.6
2020-08-11 18:00:00,29.1,0,65.07
2020-08-11 19:00:00,27.7,0,133.6
2020-08-11 20:00:00,26.4,0,0
2020-08-11 21:00:00,25.6,0,0
2020-08-11 22:00:00,24.3,0,0
2020-08-11 23:00:00,24.6,0,0
2020-08-12 00:00:00,24,0,0
2020-08-12 01:00:00,23.4,0,0
2020-08-12 02:00:00,22.5,0,0
2020-08-12 03:00:00,22.2,0,0
2020-08-12 04:00:00,22.1,0,0
2020-08-12 05:00:00,22,0,0
2020-08-12 06:00:00,22.2,0,0
2020-08-12 07:00:00,22.8,0,23.97
2020-08-12 08:00:00,23.2,0,92.4
2020-08-12 09:00:00,26.8,0,243.1
2020-08-12 10:00:00,28.4,0,612.9
2020-08-12 11:00:00,29.6,0,928
2020-08-12 12:00:00,30,0,997
2020-08-12 13:00:00,31.4,0,202.1
2020-08-12 14:00:00,31.4,0,1024
2020-08-12 15:00:00,31.7,0,969
2020-08-12 16:00:00,30.9,0,763.7
2020-08-12 17:00:00,31.7,0,92.5
2020-08-12 18:00:00,30.5,0,339
2020-08-12 19:00:00,28.4,0,65.07
2020-08-12 20:00:00,27.2,0,0
2020-08-12 21:00:00,26.5,0,0
2020-08-12 22:00:00,25.8,0,0
2020-08-12 23:00:00,25.5,0,0
2020-08-13 00:00:00,25.2,0,0
2020-08-13 01:00:00,24.1,0,0
2020-08-13 02:00:00,23.5,0,0
2020-08-13 03:00:00,23.2,0,0
2020-08-13 04:00:00,23.1,0,0
2020-08-13 05:00:00,23,0,0
2020-08-13 06:00:00,23.3,0,0
2020-08-13 07:00:00,23.7,0,0
2020-08-13 08:00:00,25.5,0,133.5
2020-08-13 09:00:00,26.5,0,215.7
2020-08-13 10:00:00,28.3,0,352.7
2020-08-13 11:00:00,29,0,530.8
2020-08-13 12:00:00,29.3,0,530.8
2020-08-13 13:00:00,29.6,0,270.5
2020-08-13 14:00:00,27,0,106.2
2020-08-13 15:00:00,25.9,0,133.6
2020-08-13 16:00:00,26.3,0,119.9
2020-08-13 17:00:00,26,0,147.2
2020-08-13 18:00:00,25.2,0,106.1
2020-08-13 19:00:00,24.5,0,58.21
2020-08-13 20:00:00,24.1,0,0
2020-08-13 21:00:00,24,0,0
2020-08-13 22:00:00,23.5,0,0
2020-08-13 23:00:00,23.2,0,0
2020-08-14 00:00:00,23,0,0
2020-08-14 01:00:00,22.5,0,0
2020-08-14 02:00:00,22.3,0,0
2020-08-14 03:00:00,22.3,0,0
2020-08-14 04:00:00,21.8,0,0
2020-08-14 05:00:00,21.8,0,0
2020-08-14 06:00:00,21.7,0,0
2020-08-14 07:00:00,22.7,0,37.66
2020-08-14 08:00:00,23.8,0,119.8
2020-08-14 09:00:00,24.7,0,174.6
2020-08-14 10:00:00,26.5,0,263.6
2020-08-14 11:00:00,27.7,0,243.1
2020-08-14 12:00:00,29.4,0,777.4
2020-08-14 13:00:00,28.9,0,352.7
2020-08-14 14:00:00,29.1,0,256.8
2020-08-14 15:00:00,27.5,0.51,1106
2020-08-14 16:00:00,27.4,0,133.6
2020-08-14 17:00:00,27.5,0,270.5
2020-08-14 18:00:00,27.5,0,393.8
2020-08-14 19:00:00,26.2,0.25,147.3
2020-08-14 20:00:00,25.2,0,0
2020-08-14 21:00:00,24.8,0,0
2020-08-14 22:00:00,24.1,0,0
2020-08-14 23:00:00,23.2,0,0
2020-08-15 00:00:00,23.4,0,0
2020-08-15 01:00:00,23.1,0,0
2020-08-15 02:00:00,22.6,0,0
2020-08-15 03:00:00,22.8,0,0
2020-08-15 04:00:00,22.8,0,0
2020-08-15 05:00:00,23,0,0
2020-08-15 06:00:00,22.8,0,0
2020-08-15 07:00:00,23.5,0,0
2020-08-15 08:00:00,24,0,147.2
2020-08-15 09:00:00,24.7,0,133.5
2020-08-15 10:00:00,26.5,0,229.4
2020-08-15 11:00:00,27.4,0,475.9
2020-08-15 12:00:00,27.7,0,503.4
2020-08-15 13:00:00,28.5,0,558.2
2020-08-15 14:00:00,29.2,0,489.7
2020-08-15 15:00:00,28.7,0,215.7
2020-08-15 16:00:00,27.4,0,78.77
2020-08-15 17:00:00,23.7,0,65.07
2020-08-15 18:00:00,24,1.02,65.06
2020-08-15 19:00:00,23.7,0.25,37.66
2020-08-15 20:00:00,23.9,0,0
2020-08-15 21:00:00,23.1,0,0
2020-08-15 22:00:00,22.9,0,0
2020-08-15 23:00:00,22.6,0.51,0
2020-08-16 00:00:00,22.5,5.33,0
2020-08-16 01:00:00,21.3,3.05,0
2020-08-16 02:00:00,20.4,0,0
2020-08-16 03:00:00,19.1,0,0
2020-08-16 04:00:00,18.7,0,0
2020-08-16 05:00:00,18.4,0,0
2020-08-16 06:00:00,18.3,0,0
2020-08-16 07:00:00,18.4,0,0
2020-08-16 08:00:00,18.7,0,65.06
2020-08-16 09:00:00,19.1,0,78.75
2020-08-16 10:00:00,19.8,0,119.8
2020-08-16 11:00:00,20.9,0,243.1
2020-08-16 12:00:00,21.1,0,297.9
2020-08-16 13:00:00,21.8,0,119.8
2020-08-16 14:00:00,23.5,0,366.4
2020-08-16 15:00:00,23.5,0,366.4
2020-08-16 16:00:00,23.8,0,270.5
2020-08-16 17:00:00,23.8,0,229.4
2020-08-16 18:00:00,24,0,126.7
2020-08-16 19:00:00,22.8,0,147.2
2020-08-16 20:00:00,21,0,0
2020-08-16 21:00:00,19.9,0,0
2020-08-16 22:00:00,19.6,0,0
2020-08-16 23:00:00,19.4,0,0
2020-08-17 00:00:00,19.1,0,0
2020-08-17 01:00:00,18.8,0,0
2020-08-17 02:00:00,19,0,0
2020-08-17 03:00:00,18.7,0,0
2020-08-17 04:00:00,18.1,0,0
2020-08-17 05:00:00,17.9,0,0
2020-08-17 06:00:00,18.3,0,0
2020-08-17 07:00:00,20.4,0,51.36
2020-08-17 08:00:00,22.7,0,202
2020-08-17 09:00:00,25,0,339
2020-08-17 10:00:00,26.1,0,585.5
2020-08-17 11:00:00,27.1,0,805
2020-08-17 12:00:00,27.6,0,448.6
2020-08-17 13:00:00,28.3,0,339
2020-08-17 14:00:00,28.8,0,284.2
2020-08-17 15:00:00,28.8,0,215.7
2020-08-17 16:00:00,29.4,0,311.6
2020-08-17 17:00:00,28.9,0,229.4
2020-08-17 18:00:00,24.9,0,325.3
2020-08-17 19:00:00,21.8,0,0
2020-08-17 20:00:00,21.4,9.4,0
2020-08-17 21:00:00,21.1,0,0
2020-08-17 22:00:00,20.5,0,0
2020-08-17 23:00:00,20.2,0,0
2020-08-18 00:00:00,19.9,0,0
2020-08-18 01:00:00,19.6,0,0
2020-08-18 02:00:00,19.8,0,0
2020-08-18 03:00:00,19.4,0,0
2020-08-18 04:00:00,19.1,0.25,0
2020-08-18 05:00:00,19.2,0,0
2020-08-18 06:00:00,19.1,0,0
2020-08-18 07:00:00,19.1,0,23.97
2020-08-18 08:00:00,20,0,106.1
2020-08-18 09:00:00,21.4,0,202
2020-08-18 10:00:00,24.4,0,256.8
2020-08-18 11:00:00,26.8,0,475.9
2020-08-18 12:00:00,27.2,0,654
2020-08-18 13:00:00,28.2,0,489.7
2020-08-18 14:00:00,28.7,0,887
2020-08-18 15:00:00,29,0,750
2020-08-18 16:00:00,28.9,0,640.4
2020-08-18 17:00:00,28.4,0,352.7
2020-08-18 18:00:00,26.9,0,215.7
2020-08-18 19:00:00,25.3,0,78.76
2020-08-18 20:00:00,23.1,0,0
2020-08-18 21:00:00,23.2,0,0
2020-08-18 22:00:00,22.4,0,0
2020-08-18 23:00:00,21.5,0,0
2020-08-19 00:00:00,20.9,0,0
2020-08-19 01:00:00,20.2,0,0
2020-08-19 02:00:00,20.2,0,0
2020-08-19 03:00:00,20.8,0,0
2020-08-19 04:00:00,20.5,0,0
2020-08-19 05:00:00,20.5,0,0
2020-08-19 06:00:00,20.3,0,0
2020-08-19 07:00:00,21.7,0,0
2020-08-19 08:00:00,23.1,0,78.75
2020-08-19 09:00:00,25.2,0,133.5
2020-08-19 10:00:00,26.2,0,215.7
2020-08-19 11:00:00,26.7,0,215.7
2020-08-19 12:00:00,29.1,0,250
2020-08-19 13:00:00,29.3,0,1120
2020-08-19 14:00:00,28.7,0,997
2020-08-19 15:00:00,27.3,0,236.3
2020-08-19 16:00:00,30,0,202.1
2020-08-19 17:00:00,28.3,0,599.3
2020-08-19 18:00:00,24.5,0,352.7
2020-08-19 19:00:00,21.6,0,78.76
2020-08-19 20:00:00,21.3,0,0
2020-08-19 21:00:00,21.3,0,0
2020-08-19 22:00:00,20.9,0,0
2020-08-19 23:00:00,20.6,0,0
2020-08-20 00:00:00,20.5,0,0
2020-08-20 01:00:00,20.2,0,0
2020-08-20 02:00:00,20.1,0,0
2020-08-20 03:00:00,19.7,0,0
2020-08-20 04:00:00,20,0,0
2020-08-20 05:00:00,20.3,0,0
2020-08-20 06:00:00,20.5,0,0
2020-08-20 07:00:00,20.8,0,23.97
2020-08-20 08:00:00,22.2,0,106.1
2020-08-20 09:00:00,22.7,0,462.2
2020-08-20 10:00:00,24.1,0,202
2020-08-20 11:00:00,25.3,0,311.6
2020-08-20 12:00:00,26.1,0,311.6
2020-08-20 13:00:00,26.7,0,270.5
2020-08-20 14:00:00,28.1,0,229.4
2020-08-20 15:00:00,27,0,996
2020-08-20 16:00:00,27.8,0,407.5
2020-08-20 17:00:00,24.5,0,133.6
2020-08-20 18:00:00,25.3,0.51,147.2
2020-08-20 19:00:00,23.6,0.76,106.1
2020-08-20 20:00:00,23.4,0.25,0
2020-08-20 21:00:00,22.5,0,0
2020-08-20 22:00:00,22,0,0
2020-08-20 23:00:00,21.3,0,0
2020-08-21 00:00:00,21.1,0,0
2020-08-21 01:00:00,21.1,0,0
2020-08-21 02:00:00,20.5,0,0
2020-08-21 03:00:00,20.8,0,0
2020-08-21 04:00:00,20.8,0,0
2020-08-21 05:00:00,20.7,0,0
2020-08-21 06:00:00,20.3,0,0
2020-08-21 07:00:00,20.9,0,23.97
2020-08-21 08:00:00,22.3,0,78.75
2020-08-21 09:00:00,23.3,0,160.9
2020-08-21 10:00:00,23.9,0,243.1
2020-08-21 11:00:00,25.5,0,263.6
2020-08-21 12:00:00,26.4,0,530.7
2020-08-21 13:00:00,26.7,0,325.3
2020-08-21 14:00:00,27.5,0,366.4
2020-08-21 15:00:00,27,0,421.2
2020-08-21 16:00:00,26.7,0,517.1
2020-08-21 17:00:00,25.6,0,174.6
2020-08-21 18:00:00,24.8,0,243.1
2020-08-21 19:00:00,23.6,0,78.75
2020-08-21 20:00:00,23,0,0
2020-08-21 21:00:00,22.9,0,0
2020-08-21 22:00:00,22.6,0,0
2020-08-21 23:00:00,22.6,0,0
2020-08-22 00:00:00,22.9,0,0
2020-08-22 01:00:00,23.1,0,0
2020-08-22 02:00:00,22.7,0,0
2020-08-22 03:00:00,22.6,0,0
2020-08-22 04:00:00,22.7,0,0
2020-08-22 05:00:00,22.3,0,0
2020-08-22 06:00:00,22,0,0
2020-08-22 07:00:00,22.2,0,0
2020-08-22 08:00:00,22.8,0,78.75
2020-08-22 09:00:00,25.1,0,147.2
2020-08-22 10:00:00,25.7,0,407.5
2020-08-22 11:00:00,26.3,0,654
2020-08-22 12:00:00,27.4,0,448.5
2020-08-22 13:00:00,27.5,0,626.6
2020-08-22 14:00:00,28,0,407.5
2020-08-22 15:00:00,27.5,0,284.2
2020-08-22 16:00:00,27.1,0,311.6
2020-08-22 17:00:00,26.7,0,229.4
2020-08-22 18:00:00,25.8,0,92.4
2020-08-22 19:00:00,25,0,37.66
2020-08-22 20:00:00,24.2,0,0
2020-08-22 21:00:00,23.5,0,0
2020-08-22 22:00:00,22.8,0,0
2020-08-22 23:00:00,22.6,0,0
2020-08-23 00:00:00,22.2,0,0
2020-08-23 01:00:00,22.1,0,0
2020-08-23 02:00:00,22,0,0
2020-08-23 03:00:00,21.5,0,0
2020-08-23 04:00:00,21.2,0,0
2020-08-23 05:00:00,21.1,0,0
2020-08-23 06:00:00,21.1,0,0
2020-08-23 07:00:00,22,0,0
2020-08-23 08:00:00,23.7,0,106.1
2020-08-23 09:00:00,25.2,0,270.5
2020-08-23 10:00:00,26.1,0,393.8
2020-08-23 11:00:00,27.5,0,421.2
2020-08-23 12:00:00,29.5,0,818
2020-08-23 13:00:00,29.3,0,1010
2020-08-23 14:00:00,29.5,0,654.1
2020-08-23 15:00:00,29,0,626.7
2020-08-23 16:00:00,27.9,0,599.3
2020-08-23 17:00:00,27.2,0,147.3
2020-08-23 18:00:00,26.2,0,119.9
2020-08-23 19:00:00,25.2,0,65.06
2020-08-23 20:00:00,24.1,0,0
2020-08-23 21:00:00,23.7,0,0
2020-08-23 22:00:00,23.2,0,0
2020-08-23 23:00:00,22.9,0,0
2020-08-24 00:00:00,22.8,0,0
2020-08-24 01:00:00,22.6,0,0
2020-08-24 02:00:00,22.5,0,0
2020-08-24 03:00:00,22.4,0,0
2020-08-24 04:00:00,22.2,0,0
2020-08-24 05:00:00,22,0,0
2020-08-24 06:00:00,22.2,0,0
2020-08-24 07:00:00,22.7,0,23.97
2020-08-24 08:00:00,23.7,0,37.66
2020-08-24 09:00:00,25.1,0,119.8
2020-08-24 10:00:00,26.2,0,256.8
2020-08-24 11:00:00,28,0,475.9
2020-08-24 12:00:00,28.4,0,571.8
2020-08-24 13:00:00,28.8,0,448.6
2020-08-24 14:00:00,29,0,763.7
2020-08-24 15:00:00,28.8,0,284.2
2020-08-24 16:00:00,28.6,0,421.2
2020-08-24 17:00:00,26.1,0,126.7
2020-08-24 18:00:00,24.8,0,92.5
2020-08-24 19:00:00,23.6,0,37.66
2020-08-24 20:00:00,23.1,0,0
2020-08-24 21:00:00,22.9,0,0
2020-08-24 22:00:00,22.7,0,0
2020-08-24 23:00:00,22.5,0,0
2020-08-25 00:00:00,22.3,0,0
2020-08-25 01:00:00,22.2,0,0
2020-08-25 02:00:00,22.3,0,0
2020-08-25 03:00:00,22.2,0,0
2020-08-25 04:00:00,22.2,0,0
2020-08-25 05:00:00,22.2,0,0
2020-08-25 06:00:00,22,0,0
2020-08-25 07:00:00,22.3,0,0
2020-08-25 08:00:00,23.2,0,51.36
2020-08-25 09:00:00,23.5,0,78.75
2020-08-25 10:00:00,24.2,0,160.9
2020-08-25 11:00:00,26.1,0.51,284.2
2020-08-25 12:00:00,26.9,0,428
2020-08-25 13:00:00,27.8,0,366.4
2020-08-25 14:00:00,28.3,0,421.2
2020-08-25 15:00:00,28.5,0,339
2020-08-25 16:00:00,28.5,0,476
2020-08-25 17:00:00,27.7,0,284.2
2020-08-25 18:00:00,27.2,0,188.3
2020-08-25 19:00:00,25.8,0,51.36
2020-08-25 20:00:00,25,0,0
2020-08-25 21:00:00,24.7,0,0
2020-08-25 22:00:00,24.6,0,0
2020-08-25 23:00:00,24.2,0,0
2020-08-26 00:00:00,23.8,0,0
2020-08-26 01:00:00,23.6,0,0
2020-08-26 02:00:00,23,0,0
2020-08-26 03:00:00,22.4,0,0
2020-08-26 04:00:00,21.6,0,0
2020-08-26 05:00:00,21.6,0,0
2020-08-26 06:00:00,21.1,0,0
2020-08-26 07:00:00,22.7,0,23.97
2020-08-26 08:00:00,26,0,147.2
2020-08-26 09:00:00,28,0,359.5
2020-08-26 10:00:00,28.9,0,558.1
2020-08-26 11:00:00,29.4,0,736.2
2020-08-26 12:00:00,31.2,0,846
2020-08-26 13:00:00,31.3,0,901
2020-08-26 14:00:00,31.4,0,805
2020-08-26 15:00:00,31.9,0,818
2020-08-26 16:00:00,31.5,0,681.5
2020-08-26 17:00:00,30.7,0,530.8
2020-08-26 18:00:00,30.1,0,78.77
2020-08-26 19:00:00,27.8,0,119.9
2020-08-26 20:00:00,25.7,0,0
2020-08-26 21:00:00,25.5,0,0
2020-08-26 22:00:00,25.4,0,0
2020-08-26 23:00:00,25,0,0
2020-08-27 00:00:00,24.5,0,0
2020-08-27 01:00:00,23.9,0,0
2020-08-27 02:00:00,22.8,0,0
2020-08-27 03:00:00,21.7,0,0
2020-08-27 04:00:00,21.7,0,0
2020-08-27 05:00:00,21.5,0,0
2020-08-27 06:00:00,21.3,0,0
2020-08-27 07:00:00,23,0,0
2020-08-27 08:00:00,25.7,0,147.2
2020-08-27 09:00:00,27.9,0,366.4
2020-08-27 10:00:00,29.9,0,558.1
2020-08-27 11:00:00,30.9,0,743.1
2020-08-27 12:00:00,32,0,832
2020-08-27 13:00:00,32.1,0,955
2020-08-27 14:00:00,32,0,832
2020-08-27 15:00:00,31.9,0,256.8
2020-08-27 16:00:00,31.7,0,695.2
2020-08-27 17:00:00,31.8,0,161
2020-08-27 18:00:00,30.5,0,297.9
2020-08-27 19:00:00,28.8,0,65.07
2020-08-27 20:00:00,27.8,0,0
2020-08-27 21:00:00,27.2,0,0
2020-08-27 22:00:00,27.1,0,0
2020-08-27 23:00:00,26.3,0,0
2020-08-28 00:00:00,25.8,0,0
2020-08-28 01:00:00,24.9,0,0
2020-08-28 02:00:00,24.5,0,0
2020-08-28 03:00:00,24,0,0
2020-08-28 04:00:00,23.9,0,0
2020-08-28 05:00:00,23.6,0,0
2020-08-28 06:00:00,23.5,0,0
2020-08-28 07:00:00,24.7,0,0
2020-08-28 08:00:00,26.3,0,202
2020-08-28 09:00:00,27.9,0,462.2
2020-08-28 10:00:00,29.3,0,489.6
2020-08-28 11:00:00,30.7,0,530.8
2020-08-28 12:00:00,31.8,0,558.2
2020-08-28 13:00:00,32.1,0,599.3
2020-08-28 14:00:00,32.6,0,791.1
2020-08-28 15:00:00,33.1,0,667.8
2020-08-28 16:00:00,32.5,0,750
2020-08-28 17:00:00,31.9,0,202.1
2020-08-28 18:00:00,30.6,0,256.8
2020-08-28 19:00:00,28.6,0,92.5
2020-08-28 20:00:00,27.6,0,0
2020-08-28 21:00:00,27.3,0,0
2020-08-28 22:00:00,27,0,0
2020-08-28 23:00:00,26.5,0,0
2020-08-29 00:00:00,25.8,0,0
2020-08-29 01:00:00,25.6,0,0
2020-08-29 02:00:00,25.7,0,0
2020-08-29 03:00:00,25.5,0,0
2020-08-29 04:00:00,25.4,0,0
2020-08-29 05:00:00,25.1,0,0
2020-08-29 06:00:00,24.9,0,0
2020-08-29 07:00:00,25.2,0,0
2020-08-29 08:00:00,25.3,0,133.5
2020-08-29 09:00:00,24.4,0,78.75
2020-08-29 10:00:00,26.2,0.25,174.6
2020-08-29 11:00:00,26.2,0,462.2
2020-08-29 12:00:00,26.9,0,154.1
2020-08-29 13:00:00,28.1,0,270.5
2020-08-29 14:00:00,29.2,0,202
2020-08-29 15:00:00,30.7,0.25,448.6
2020-08-29 16:00:00,30.6,0,229.4
2020-08-29 17:00:00,31.1,0,517.1
2020-08-29 18:00:00,30.1,0,291.1
2020-08-29 19:00:00,27.9,0,92.5
2020-08-29 20:00:00,26.6,0,0
2020-08-29 21:00:00,26.4,0,0
2020-08-29 22:00:00,25.4,0,0
2020-08-29 23:00:00,24.8,0,0
2020-08-30 00:00:00,24.9,0,0
2020-08-30 01:00:00,24.1,0,0
2020-08-30 02:00:00,23.9,0,0
2020-08-30 03:00:00,23.6,0,0
2020-08-30 04:00:00,23,0,0
2020-08-30 05:00:00,22.3,0,0
2020-08-30 06:00:00,22,0,0
2020-08-30 07:00:00,23.2,0,0
2020-08-30 08:00:00,25.8,0,160.9
2020-08-30 09:00:00,28,0,352.7
2020-08-30 10:00:00,29.2,0,352.7
2020-08-30 11:00:00,30.4,0,366.4
2020-08-30 12:00:00,31,0,860
2020-08-30 13:00:00,31.3,0,1038
2020-08-30 14:00:00,31.1,0,860
2020-08-30 15:00:00,31.5,0,352.7
2020-08-30 16:00:00,31.3,0,695.2
2020-08-30 17:00:00,30.3,0,489.7
2020-08-30 18:00:00,29.4,0,92.5
2020-08-30 19:00:00,27.3,0,92.5
2020-08-30 20:00:00,25.6,0,0
2020-08-30 21:00:00,24.4,0,0
2020-08-30 22:00:00,24.6,0,0
2020-08-30 23:00:00,23.7,0,0
2020-08-31 00:00:00,23.2,0,0
2020-08-31 01:00:00,23.4,0,0
2020-08-31 02:00:00,22.3,0,0
2020-08-31 03:00:00,22.6,0,0
2020-08-31 04:00:00,22.3,0,0
2020-08-31 05:00:00,22.5,0,0
2020-08-31 06:00:00,22.9,0,0
2020-08-31 07:00:00,23.4,0,0
2020-08-31 08:00:00,24.7,0,65.06
2020-08-31 09:00:00,26.6,0,106.1
2020-08-31 10:00:00,28.5,0,558.1
2020-08-31 11:00:00,27.7,0,188.3
2020-08-31 12:00:00,28.4,0,119.9
2020-08-31 13:00:00,29,0,421.2
2020-08-31 14:00:00,28,0,140.4
2020-08-31 15:00:00,30.7,0,174.6
2020-08-31 16:00:00,29.9,0,640.4
2020-08-31 17:00:00,29.4,0,229.4
2020-08-31 18:00:00,28.4,0,174.7
2020-08-31 19:00:00,26.4,0,37.67
2020-08-31 20:00:00,25.6,0,0
2020-08-31 21:00:00,25.6,0,0
2020-08-31 22:00:00,23.7,0,0
2020-08-31 23:00:00,23,0,0
2020-09-01 00:00:00,22.6,0,0
2020-09-01 01:00:00,22.2,0,0
2020-09-01 02:00:00,22.7,0,0
2020-09-01 03:00:00,22.6,0,0
2020-09-01 04:00:00,22.7,0,0
2020-09-01 05:00:00,22.6,0,0
2020-09-01 06:00:00,22.4,0,0
2020-09-01 07:00:00,22.7,0,0
2020-09-01 08:00:00,23.1,0,37.66
2020-09-01 09:00:00,23.5,0,78.75
2020-09-01 10:00:00,24.9,0,113
2020-09-01 11:00:00,26.3,0,174.6
2020-09-01 12:00:00,27.1,0,284.2
2020-09-01 13:00:00,28.3,0,311.6
2020-09-01 14:00:00,30.3,0,270.5
2020-09-01 15:00:00,29.7,0,1065
2020-09-01 16:00:00,29.7,0,763.7
2020-09-01 17:00:00,29.8,0,133.6
2020-09-01 18:00:00,28.8,0,147.3
2020-09-01 19:00:00,26.5,0,65.07
2020-09-01 20:00:00,25.8,0,0
2020-09-01 21:00:00,25.2,0,0
2020-09-01 22:00:00,24.7,0,0
2020-09-01 23:00:00,24.4,0,0
2020-09-02 00:00:00,24.1,0,0
2020-09-02 01:00:00,23.8,0,0
2020-09-02 02:00:00,23.8,0,0
2020-09-02 03:00:00,23.9,0,0
2020-09-02 04:00:00,23.9,0,0
2020-09-02 05:00:00,23.5,0,0
2020-09-02 06:00:00,23,0,0
2020-09-02 07:00:00,23.8,0,0
2020-09-02 08:00:00,26.7,0,119.8
2020-09-02 09:00:00,29,0,352.7
2020-09-02 10:00:00,31,0,530.8
2020-09-02 11:00:00,31.9,0,736.3
2020-09-02 12:00:00,33,0,571.9
2020-09-02 13:00:00,33.4,0,969
2020-09-02 14:00:00,34,0,901
2020-09-02 15:00:00,33.7,0,763.7
2020-09-02 16:00:00,33.1,0,736.3
2020-09-02 17:00:00,33.2,0,147.3
2020-09-02 18:00:00,32.3,0,256.8
2020-09-02 19:00:00,29.7,0,78.77
2020-09-02 20:00:00,28.5,0,0
2020-09-02 21:00:00,27.4,0,0
2020-09-02 22:00:00,26.9,0,0
2020-09-02 23:00:00,26.4,0,0
2020-09-03 00:00:00,25.8,0,0
2020-09-03 01:00:00,25.3,0,0
2020-09-03 02:00:00,24.8,0,0
2020-09-03 03:00:00,24.4,0,0
2020-09-03 04:00:00,24,0,0
2020-09-03 05:00:00,24,0,0
2020-09-03 06:00:00,23.3,0,0
2020-09-03 07:00:00,24.5,0,0
2020-09-03 08:00:00,26.6,0,140.4
2020-09-03 09:00:00,28.6,0,366.4
2020-09-03 10:00:00,30.4,0,571.9
2020-09-03 11:00:00,31.5,0,736.3
2020-09-03 12:00:00,32.5,0,846
2020-09-03 13:00:00,33.2,0,914
2020-09-03 14:00:00,34.1,0,901
2020-09-03 15:00:00,34.2,0,805
2020-09-03 16:00:00,34.1,0,667.8
2020-09-03 17:00:00,33.3,0,489.7
2020-09-03 18:00:00,31.8,0,270.5
2020-09-03 19:00:00,29.3,0,78.77
2020-09-03 20:00:00,28.1,0,0
2020-09-03 21:00:00,27.3,0,0
2020-09-03 22:00:00,27.1,0,0
2020-09-03 23:00:00,26.7,0,0
2020-09-04 00:00:00,26.3,0,0
2020-09-04 01:00:00,25.4,0,0
2020-09-04 02:00:00,25.3,0,0
2020-09-04 03:00:00,24.6,0,0
2020-09-04 04:00:00,23.8,0,0
2020-09-04 05:00:00,23.5,0,0
2020-09-04 06:00:00,22.7,0,0
2020-09-04 07:00:00,24.6,0,0
2020-09-04 08:00:00,27.4,0,147.2
2020-09-04 09:00:00,29.3,0,352.7
2020-09-04 10:00:00,30.4,0,558.2
2020-09-04 11:00:00,31.4,0,722.6
2020-09-04 12:00:00,31.6,0,887
2020-09-04 13:00:00,33.1,0,914
2020-09-04 14:00:00,32.1,0,901
2020-09-04 15:00:00,33.6,0,229.4
2020-09-04 16:00:00,32.7,0,681.5
2020-09-04 17:00:00,32.6,0,462.3
2020-09-04 18:00:00,31.5,0,256.8
2020-09-04 19:00:00,28.4,0,78.77
2020-09-04 20:00:00,26.4,0,0
2020-09-04 21:00:00,24.9,0,0
2020-09-04 22:00:00,24.3,0,0
2020-09-04 23:00:00,24.2,0,0
2020-09-05 00:00:00,23.9,0,0
2020-09-05 01:00:00,23.2,0,0
2020-09-05 02:00:00,24.2,0,0
2020-09-05 03:00:00,23,0,0
2020-09-05 04:00:00,23,0,0
2020-09-05 05:00:00,22.9,0,0
2020-09-05 06:00:00,22.5,0,0
2020-09-05 07:00:00,22.2,0,0
2020-09-05 08:00:00,22.9,0,65.06
2020-09-05 09:00:00,23.6,0,78.75
2020-09-05 10:00:00,25,0,119.8
2020-09-05 11:00:00,26.9,0,407.5
2020-09-05 12:00:00,27.7,0,846
2020-09-05 13:00:00,28.8,0,901
2020-09-05 14:00:00,28.1,0,736.3
2020-09-05 15:00:00,28.2,0,654.1
2020-09-05 16:00:00,27.6,0,722.6
2020-09-05 17:00:00,27.3,0,352.7
2020-09-05 18:00:00,25.9,0,256.8
2020-09-05 19:00:00,23.2,0,71.92
2020-09-05 20:00:00,21.6,0,0
2020-09-05 21:00:00,21,0,0
2020-09-05 22:00:00,20.5,0,0
2020-09-05 23:00:00,19.7,0,0
2020-09-06 00:00:00,18.6,0,0
2020-09-06 01:00:00,17.8,0,0
2020-09-06 02:00:00,17,0,0
2020-09-06 03:00:00,16.5,0,0
2020-09-06 04:00:00,16,0,0
2020-09-06 05:00:00,15.6,0,0
2020-09-06 06:00:00,14.5,0,0
2020-09-06 07:00:00,16.4,0,0
2020-09-06 08:00:00,19.8,0,167.8
2020-09-06 09:00:00,22.7,0,380.1
2020-09-06 10:00:00,24.7,0,592.4
2020-09-06 11:00:00,26.5,0,763.6
2020-09-06 12:00:00,26.9,0,873
2020-09-06 13:00:00,27.7,0,928
2020-09-06 14:00:00,27.8,0,887
2020-09-06 15:00:00,28.3,0,805
2020-09-06 16:00:00,28.2,0,654.1
2020-09-06 17:00:00,27.3,0,462.3
2020-09-06 18:00:00,25.6,0,256.8
2020-09-06 19:00:00,22.5,0,78.76
2020-09-06 20:00:00,21,0,0
2020-09-06 21:00:00,19.5,0,0
2020-09-06 22:00:00,18.5,0,0
2020-09-06 23:00:00,19.3,0,0
2020-09-07 00:00:00,17.4,0,0
2020-09-07 01:00:00,16.8,0,0
2020-09-07 02:00:00,16.5,0,0
2020-09-07 03:00:00,16,0,0
2020-09-07 04:00:00,15.2,0,0
2020-09-07 05:00:00,14.9,0,0
2020-09-07 06:00:00,14.6,0,0
2020-09-07 07:00:00,16.6,0,0
2020-09-07 08:00:00,20.4,0,147.2
2020-09-07 09:00:00,23.7,0,366.4
2020-09-07 10:00:00,25.4,0,571.8
2020-09-07 11:00:00,26.2,0,736.2
2020-09-07 12:00:00,27.3,0,860
2020-09-07 13:00:00,28.5,0,901
2020-09-07 14:00:00,28.8,0,887
2020-09-07 15:00:00,28.8,0,791.1
2020-09-07 16:00:00,29.2,0,654.1
2020-09-07 17:00:00,28.1,0,462.3
2020-09-07 18:00:00,26.7,0,243.1
2020-09-07 19:00:00,23.6,0,78.77
2020-09-07 20:00:00,21.8,0,0
2020-09-07 21:00:00,21.3,0,0
2020-09-07 22:00:00,18.6,0,0
2020-09-07 23:00:00,19,0,0
2020-09-08 00:00:00,17.9,0,0
2020-09-08 01:00:00,16.9,0,0
2020-09-08 02:00:00,16.9,0,0
2020-09-08 03:00:00,16.8,0,0
2020-09-08 04:00:00,16.4,0,0
2020-09-08 05:00:00,16.9,0,0
2020-09-08 06:00:00,16.5,0,0
2020-09-08 07:00:00,17.3,0,0
2020-09-08 08:00:00,20.7,0,MV
2020-09-08 09:00:00,24.1,0,352.7
2020-09-08 10:00:00,26.2,0,558.1
2020-09-08 11:00:00,27.2,0,736.2
2020-09-08 12:00:00,28,0,558.2
2020-09-08 13:00:00,29.2,0,708.9
2020-09-08 14:00:00,28.9,0,805
2020-09-08 15:00:00,28,0,421.2
2020-09-08 16:00:00,27.9,0,243.1
2020-09-08 17:00:00,27.7,0,188.4
2020-09-08 18:00:00,26.7,0,133.6
2020-09-08 19:00:00,24.8,0,37.67
2020-09-08 20:00:00,23.7,0,0
2020-09-08 21:00:00,23,0,0
2020-09-08 22:00:00,23.1,0,0
2020-09-08 23:00:00,22.8,0,0



NA,M,V,M,R
